date,firm_id,V,sigma_V,DD,PD
2020-01-02,AAPL,1357033.793136668,0.4228424406000342,-5.33349255038967,4.817075874582757e-08
2020-01-03,AAPL,1345026.5054576886,0.4225739271612978,-5.315881557096415,5.307108937460872e-08
2020-01-06,AAPL,1354845.9054639172,0.42287025312313287,-5.329061742161986,4.936071728170048e-08
2020-01-07,AAPL,1349089.7054069352,0.4227025916980245,-5.321270710731422,5.152246451952079e-08
2020-01-08,AAPL,1368572.2192503307,0.4234274252572174,-5.34506288865909,4.519283313828183e-08
2020-01-09,AAPL,1394983.0193897542,0.42422980719593606,-5.379207985150456,3.7407119053559277e-08
2020-01-10,AAPL,1397861.1191771198,0.4242449338097536,-5.3838592302648784,3.6452764288968976e-08
2020-01-13,AAPL,1424962.1347534312,0.42498366396133636,-5.418710100119067,3.0015282590229715e-08
2020-01-14,AAPL,1407354.9341477226,0.4245751401798215,-5.395048734932543,3.42524780212217e-08
2020-01-15,AAPL,1401937.3341075012,0.4243981207816812,-5.388388129021152,3.554619641204036e-08
2020-01-16,AAPL,1417864.5503615912,0.4249491631406614,-5.407198775676397,3.200904135350852e-08
2020-01-17,AAPL,1432085.7504213462,0.4253478439704349,-5.425195343520328,2.894559623431642e-08
2020-01-21,AAPL,1423295.1679051388,0.42506014434481953,-5.414434356888833,3.074137658805705e-08
2020-01-22,AAPL,1427866.2679201025,0.4251376723620936,-5.4209116894436296,2.9647924356242954e-08
2020-01-23,AAPL,1434143.3867472215,0.4253079655253601,-5.428649521436522,2.8391032138299552e-08
2020-01-24,AAPL,1430418.7867467771,0.42523374201714387,-5.423555922425968,2.9212462637704976e-08
2020-01-27,AAPL,1392156.9866633771,0.42421461373537717,-5.373692533474505,3.8570176478972777e-08
2020-01-28,AAPL,1427892.3074305528,0.4256354709646561,-5.4136471571792875,3.087689887053467e-08
2020-01-29,AAPL,1455149.606925219,0.42590142940579423,-5.454398910489363,2.456938976507462e-08
2020-01-30,AAPL,1453118.0069143039,0.4258851081092271,-5.451343751684041,2.4995316426616076e-08
2020-01-31,AAPL,1394553.2282180167,0.4243644973384837,-5.375225983364401,3.824334525509722e-08
2020-02-03,AAPL,1390997.9282213848,0.4240565902171583,-5.3734172951975845,3.862912491452561e-08
2020-02-04,AAPL,1432645.7282967207,0.4251224778866105,-5.428275478863634,2.8450583505543443e-08
2020-02-05,AAPL,1443324.651040682,0.42555527740921056,-5.439538179987831,2.6709430463713106e-08
2020-02-06,AAPL,1458730.9511428177,0.4261261877379855,-5.456596514147277,2.4267375887884753e-08
2020-02-07,AAPL,1440615.8510648482,0.4255771291798794,-5.434822925926008,2.742543777624498e-08
2020-02-10,AAPL,1446892.9751203754,0.4256772358442881,-5.443423609007364,2.6133076757965402e-08
2020-02-11,AAPL,1438935.8750969719,0.4254858582202175,-5.433102653578099,2.7691262628381014e-08
2020-02-12,AAPL,1469917.7756608855,0.4263216469082581,-5.4715846503509535,2.230146021141203e-08
2020-02-13,AAPL,1460450.00046688,0.426107499155711,-5.4591491589895895,2.392108567660756e-08
2020-02-14,AAPL,1460788.6005656584,0.41849072935920445,-5.566748811628002,1.2976804925950904e-08
2020-02-18,AAPL,1436422.4272696387,0.40966718170704314,-5.654262017239811,7.825864652375758e-09
2020-02-19,AAPL,1455384.0272063976,0.40267795450843413,-5.7920196443124,3.4772502909456685e-09
2020-02-20,AAPL,1441840.027300204,0.39429105939140974,-5.899984054456,1.8176835237058275e-09
2020-02-21,AAPL,1412056.2552561234,0.38635268951422286,-5.974945767843927,1.1508336923194326e-09
2020-02-24,AAPL,1351277.5552566762,0.3788784305291111,-5.98424047207303,1.0870096302402612e-09
2020-02-25,AAPL,1309799.055257875,0.3726341523958805,-6.007149910176288,9.440646232326035e-10
2020-02-26,AAPL,1328604.384508431,0.368240401528233,-6.121686101446806,4.629514596452792e-10
2020-02-27,AAPL,1250218.4853301828,0.36661499131423614,-5.984585160733684,1.0847103057147505e-09
2020-02-28,AAPL,1249541.2845087117,0.3614606749465493,-6.073615588953769,6.253095162967579e-10
2020-03-02,AAPL,1353843.1150597928,0.3662778510517756,-6.207558414336598,2.690705439450873e-10
2020-03-03,AAPL,1314904.1150517643,0.3688761030647706,-6.082130359379441,5.929803992450799e-10
2020-03-04,AAPL,1369939.6469108143,0.37448099959423176,-6.0947611943185,5.480047097622693e-10
2020-03-05,AAPL,1329646.2469012034,0.37825681295944413,-5.951240876638659,1.3305854371745415e-09
2020-03-06,AAPL,1313732.0468842143,0.3821843086349799,-5.854670357921238,2.389785318734256e-09
2020-03-09,AAPL,1220122.179986382,0.3859623148139544,-5.601819277147993,1.0605682342481123e-08
2020-03-10,AAPL,1298677.3799729934,0.39685935928412014,-5.594478767915341,1.106427731005602e-08
2020-03-11,AAPL,1258045.3797903773,0.4044583170312046,-5.4032503766307345,3.2722004310231205e-08
2020-03-12,AAPL,1146659.0127895258,0.41165179899546106,-5.07625012070503,1.9247823955124187e-07
2020-03-13,AAPL,1268555.0482285172,0.43634418759529,-4.996523434331061,2.918654239084324e-07
2020-03-16,AAPL,1122110.5123631556,0.44591893281367345,-4.604677864170804,2.065524087489537e-06
2020-03-17,AAPL,1165633.598151231,0.4687864607606175,-4.438711844035856,4.52494409543066e-06
2020-03-18,AAPL,1140407.882140705,0.47353489386118214,-4.343274290704938,7.018734528433332e-06
2020-03-19,AAPL,1132620.0785352094,0.4701989878876446,-4.362862744179428,6.418574402240378e-06
2020-03-20,AAPL,1068976.3541870527,0.44374134291707595,-4.519686846596637,3.0965584497497386e-06
2020-03-23,AAPL,1048999.1538708138,0.4349782533088883,-4.5762220423330895,2.367240186918487e-06
2020-03-24,AAPL,1141267.3744601724,0.4798478810912546,-4.281223386986816,9.293432965039117e-06
2020-03-25,AAPL,1135693.519869229,0.47771570665181745,-4.292010722395108,8.853119814428647e-06
2020-03-26,AAPL,1188514.9687137392,0.506419657010537,-4.110617997128732,1.973007821695798e-05
2020-03-27,AAPL,1144835.6507548967,0.4900196585802191,-4.188454503314402,1.4043030038215228e-05
2020-03-30,AAPL,1173798.7046367365,0.5037026444881229,-4.110581271604718,1.973321680823131e-05
2020-03-31,AAPL,1171597.9968571782,0.5042682634149124,-4.101683813720039,2.0507724596618786e-05
2020-04-01,AAPL,1116744.917745417,0.481130222466512,-4.2229701612807435,1.2055187508579538e-05
2020-04-02,AAPL,1133349.299599295,0.4890202922032116,-4.176984940206985,1.4769928748421384e-05
2020-04-03,AAPL,1118958.893771285,0.48247631169539973,-4.21374176774362,1.2558722437685953e-05
2020-04-06,AAPL,1205132.242274024,0.5233803042148913,-3.9868703611270604,3.347529162308845e-05
2020-04-07,AAPL,1192617.1650073882,0.5176563587512639,-4.016351177478537,2.9553079890294223e-05
2020-04-08,AAPL,1219874.1204208788,0.5304357074958755,-3.949564880880518,3.914669366086606e-05
2020-04-09,AAPL,1227662.0400438185,0.5342405258245766,-3.9295571887678657,4.255121770803895e-05
2020-04-13,AAPL,1249345.2447525389,0.5444090817173246,-3.8780627381160544,5.2645783787565085e-05
2020-04-14,AAPL,1305734.28074995,0.5787184421906961,-3.690968638171826,0.00011170084200568951
2020-04-15,AAPL,1295068.1482075588,0.5807630302774786,-3.661810319651333,0.00012521963114181967
2020-04-16,AAPL,1304379.0335694463,0.590903347797019,-3.601041192680183,0.00015847267500481327
2020-04-17,AAPL,1288477.6207724144,0.5916279017646389,-3.5750058059948424,0.00017511006204312397
2020-04-20,AAPL,1264437.0192207932,0.5871681060980788,-3.574559573589868,0.00017540896564138914
2020-04-21,AAPL,1229392.5825798083,0.5716727757223575,-3.6379883869277356,0.00013738790578201189
2020-04-22,AAPL,1261063.7398180764,0.5897414175767837,-3.5516951308843194,0.00019137903351119822
2020-04-23,AAPL,1256662.0445386083,0.5876249108500805,-3.56065760059698,0.00018496360124670134
2020-04-24,AAPL,1289166.5282521083,0.6042304805235047,-3.4886890465232936,0.00024269772536270244
2020-04-27,AAPL,1290025.8560024514,0.6061528113689164,-3.476640205307642,0.0002538693394548333
2020-04-28,AAPL,1271234.3220978829,0.5967806480859116,-3.516096508404899,0.00021897088135079448
2020-04-29,AAPL,1308648.2764104954,0.6139343733772017,-3.4481871795415153,0.0002821813915560224
2020-04-30,AAPL,1333547.0990013375,0.627210537176167,-3.3919542436313592,0.00034698014014160154
2020-05-01,AAPL,1314077.843456644,0.6224360512255565,-3.3991370280529956,0.00033799419766669013
2020-05-04,AAPL,1330837.7518542977,0.6296852750958639,-3.372923795518195,0.00037187266764591737
2020-05-05,AAPL,1348964.487862641,0.6405503725224965,-3.325903070165419,0.0004406628558080988
2020-05-06,AAPL,1361491.9805318569,0.6459394914882117,-3.307098956025416,0.0004713379252973325
2020-05-07,AAPL,1374188.51214562,0.6524518775700077,-3.281836284938921,0.0005156673268838334
2020-05-08,AAPL,1403827.1466271952,0.665044012185154,-3.2391600599213253,0.0005994113851264949
2020-05-11,AAPL,1423803.3721339605,0.6726018885745247,-3.2162542165350487,0.0006493786450061304
2020-05-12,AAPL,1409075.6561264081,0.6652568228179153,-3.24352057816722,0.0005903114101902031
2020-05-13,AAPL,1393683.706785878,0.6575804605338836,-3.272250434596753,0.0005334751084883266
2020-05-14,AAPL,1401471.5542883684,0.6586685772700388,-3.27421758107827,0.0005297749639505867
2020-05-15,AAPL,1393854.2013587898,0.6524526686946025,-3.303303313866992,0.0004777648685719574
2020-05-18,AAPL,1423662.2883127416,0.6648551731098404,-3.2610711373097474,0.0005549609540369568
2020-05-19,AAPL,1416214.5459456064,0.6576773937067243,-3.2959036319072346,0.0004905283079472582
2020-05-20,AAPL,1441269.6366449695,0.667243478434207,-3.2654363006169693,0.0005464779249413655
2020-05-21,AAPL,1431464.7591344747,0.6594785778144571,-3.3011926261142763,0.0004813737995489842
2020-05-22,AAPL,1439759.9112778036,0.663152417128298,-3.2879536276495234,0.0005045923040328894
2020-05-26,AAPL,1430970.9374978219,0.6546808845145844,-3.3295202300418887,0.0004349787207116181
2020-05-27,AAPL,1436557.8857873427,0.6552195008717434,-3.332192010937522,0.0004308239229537431
2020-05-28,AAPL,1437248.3707077126,0.6541562810453505,-3.3392537280872747,0.00042001899306598006
2020-05-29,AAPL,1435894.1448760673,0.6530256928989702,-3.3447230131136356,0.0004118239113374572
2020-06-01,AAPL,1451977.5165862734,0.6564718080268233,-3.340695481513472,0.00041784413702365165
2020-06-02,AAPL,1458085.4998264425,0.6567192600872028,-3.3454291693715295,0.00041077669954983837
2020-06-03,AAPL,1465365.5001344646,0.6573819825589453,-3.3489703258632395,0.0004055624124968123
2020-06-04,AAPL,1453854.4864621402,0.647785593037991,-3.3960755236478337,0.00034179747477280865
2020-06-05,AAPL,1491619.4573940253,0.664563027268661,-3.332210644826005,0.0004307950756714981
2020-06-08,AAPL,1499745.8707191406,0.6658413552935566,-3.332696129082814,0.00043004412428546715
2020-06-09,AAPL,1542915.0660312944,0.6829436001825696,-3.2739030490958787,0.0005303649902293683
2020-06-10,AAPL,1579324.642606839,0.6994733939736458,-3.2134022645371085,0.0006558621630612173
2020-06-11,AAPL,1509748.2128001624,0.6644344936754675,-3.351014888268197,0.0004025798671586177
2020-06-12,AAPL,1521599.2286001255,0.6662677467004635,-3.351699298217836,0.0004015860265483829
2020-06-15,AAPL,1538880.5102300001,0.6708775726836866,-3.340759225682684,0.0004177482217880954
2020-06-16,AAPL,1576123.9632887025,0.6880316493777291,-3.2752831361203394,0.000527780614155645
2020-06-17,AAPL,1574093.294049867,0.6838464740953968,-3.2976407627910196,0.0004875039483644521
2020-06-18,AAPL,1574783.9381734205,0.682181040993497,-3.307855315750953,0.0004700668334010431
2020-06-19,AAPL,1566489.2828055415,0.6759534417714056,-3.3367742674844143,0.0004237837814619953
2020-06-22,AAPL,1604071.9014793707,0.69071643464708,-3.2851749470202867,0.0005095953339527995
2020-06-23,AAPL,1635572.2109108653,0.7051598007672745,-3.2310281056452346,0.000616729052886056
2020-06-24,AAPL,1608996.459385709,0.6831887856943126,-3.3332818762289147,0.0004291397012147095
2020-06-25,AAPL,1628635.9148494084,0.6827029169665375,-3.353910899488169,0.0003983900757680968
2020-06-26,AAPL,1582601.7743977022,0.6612560242521243,-3.4409728236466255,0.0002898133732034726
2020-06-29,AAPL,1615952.1951988994,0.6768351202492929,-3.377181543097654,0.00036616349214546644
2020-06-30,AAPL,1628480.163209474,0.6800440235495154,-3.3694007103290704,0.00037665913061224346
2020-07-01,AAPL,1625615.8696914345,0.6752983956849655,-3.3950863530870627,0.00034303478978124126
2020-07-02,AAPL,1625616.520513777,0.6712151448994985,-3.4198361903554377,0.0003132942735925077
2020-07-06,AAPL,1665582.477451702,0.6881457312744763,-3.354124145907403,0.0003980831676575056
2020-07-07,AAPL,1660842.938624904,0.6826806725790395,-3.3822876471696937,0.0003594241534586092
2020-07-08,AAPL,1696407.1411690083,0.6975369950887932,-3.3257837837012088,0.0004408514744792671
2020-07-09,AAPL,1703179.641031557,0.6961456985464836,-3.339546674725186,0.0004195762407981657
2020-07-10,AAPL,1705888.9184324571,0.6939073682996677,-3.3548515428195893,0.0003970379348620511
2020-07-13,AAPL,1698792.322738506,0.6876559214913981,-3.385422538550435,0.00035534382329947605
2020-07-14,AAPL,1724693.7179133478,0.6993564932721413,-3.3388169529461416,0.0004206799289491001
2020-07-15,AAPL,1735698.0626314287,0.7017068323496886,-3.3343512065898646,0.00042749314908467357
2020-07-16,AAPL,1715904.117106615,0.6933925123882181,-3.366011432516135,0.00038131773757281483
2020-07-17,AAPL,1712688.2009117748,0.6883221175808595,-3.393170208211163,0.0003454434730889391
2020-07-20,AAPL,1746037.8604257037,0.7057569058561829,-3.3194522152017916,0.0004509711978071129
2020-07-21,AAPL,1723705.793475383,0.6899987815054915,-3.3923986477779313,0.00034641779223948144
2020-07-22,AAPL,1728277.1652510508,0.688641057620248,-3.404292211973861,0.00033167874099214906
2020-07-23,AAPL,1655480.8141756717,0.658151067533,-3.5278126524918503,0.0002095043017021129
2020-07-24,AAPL,1651769.4241850304,0.6563164265822179,-3.5359393123055325,0.00020316401280782314
2020-07-27,AAPL,1687828.7307563433,0.6748821205957054,-3.4523563554220638,0.0002778566369761382
2020-07-28,AAPL,1662265.8979379276,0.6592853848633327,-3.526661902026395,0.00021041689065124197
2020-07-29,AAPL,1691566.7423687736,0.6728778819174833,-3.4677859014677868,0.00026238259792478816
2020-07-30,AAPL,1710527.6653427302,0.6804972397285989,-3.4377615429823267,0.00029327198711939166
2020-07-31,AAPL,1875914.2820673718,0.7712646154576644,-3.067423482265154,0.0010795636562227903
2020-08-03,AAPL,1919766.6715988808,0.7944072850862216,-2.9842195798026196,0.0014215133293256368
2020-08-04,AAPL,1931784.8299448108,0.7994164431441653,-2.9683335160726583,0.0014970962665645682
2020-08-05,AAPL,1938217.2164612247,0.8018113487331946,-2.961222066266465,0.0015321045820624666
2020-08-06,AAPL,2001359.3179384905,0.83556212215331,-2.846787933483787,0.0022081385546565604
2020-08-07,AAPL,1958876.7312711298,0.8160381399987188,-2.908363667968224,0.0018166277723621971
2020-08-10,AAPL,1985447.683022737,0.8306374250927491,-2.85899560065814,0.0021249233925328156
2020-08-11,AAPL,1930282.4715051625,0.806340059516767,-2.9347392147091056,0.0016691406211327099
2020-08-12,AAPL,1990027.9745921246,0.8355200652805789,-2.84005793927483,0.0022552670305584868
2020-08-13,AAPL,2022872.4687692563,0.8524791221276922,-2.7858533017635567,0.0026693513191509044
2020-08-14,AAPL,2021180.3406422422,0.851443576152083,-2.7892948411261624,0.0026411475861351256
2020-08-17,AAPL,2016273.3764940368,0.848221172126548,-2.800254264349374,0.0025531184295643737
2020-08-18,AAPL,2032024.9148569284,0.8562027381786929,-2.7751777807401643,0.0027585769855174662
2020-08-19,AAPL,2034395.3737345643,0.8562751018233842,-2.7762324507454808,0.0027496437777884773
2020-08-20,AAPL,2076699.921243916,0.8784047948475141,-2.7078701846062603,0.0033858252014541505
2020-08-21,AAPL,2176865.2050543157,0.9344230631107381,-2.5415000059889783,0.005518897215884151
2020-08-24,AAPL,2201397.5180656323,0.9450042131975874,-2.514379796251526,0.005962097180511695
2020-08-25,AAPL,2184318.747906026,0.9332183880095947,-2.549648970845165,0.005391571553153267
2020-08-26,AAPL,2212246.8817514535,0.9458053763762532,-2.51654138412764,0.00592564906078843
2020-08-27,AAPL,2187381.6383837233,0.9323642122891227,-2.554235002154109,0.005321070148297345
2020-08-28,AAPL,2184005.9371066596,0.9266708832046177,-2.5739719948266555,0.005026920535445125
2020-08-31,AAPL,2253700.208785202,0.9669602177185701,-2.4596575082634833,0.006953482946827745
2020-09-01,AAPL,2338062.5285519348,1.0165895468418051,-2.3273100234754804,0.009974385337671553
2020-09-02,AAPL,2292402.5391001576,0.9956068213531529,-2.377753423863279,0.008709234608005042
2020-09-03,AAPL,2119531.4338391456,0.9172303256495994,-2.5770657920697437,0.004982149140720235
2020-09-04,AAPL,2120888.9476568527,0.9157372545271635,-2.583461066712557,0.004890725318135789
2020-09-08,AAPL,1987053.7301574838,0.8527604968108122,-2.7629989530996224,0.00286364750789593
2020-09-09,AAPL,2061002.6980922627,0.8886607737790392,-2.657321312722944,0.0039382166380631045
2020-09-10,AAPL,1998050.7998546609,0.8604314327261094,-2.73714380810997,0.003098759708059459
2020-09-11,AAPL,1973526.2852683314,0.847906400461373,-2.7755102334850075,0.0027557582396787583
2020-09-14,AAPL,2028695.2598965184,0.8735762867958489,-2.700220595353918,0.0034646756777139917
2020-09-15,AAPL,2031744.4581009245,0.8726356010165547,-2.7057936927088146,0.0034070682176651035
2020-09-16,AAPL,1975740.9990947868,0.8474982304549794,-2.778460645482531,0.002730856443530143
2020-09-17,AAPL,1946296.9948275322,0.8296552661938275,-2.8381525968098784,0.0022687741946254454
2020-09-18,AAPL,1888580.7468162575,0.8039221330147944,-2.9177002515742827,0.0017631157288997613
2020-09-21,AAPL,1941907.026070859,0.8303866701268898,-2.832081914798769,0.002312299982281129
2020-09-22,AAPL,1970338.2530458109,0.845146199403475,-2.785190030894124,0.002674818043358196
2020-09-23,AAPL,1893343.1133194412,0.8100031686440241,-2.892599957600207,0.0019103379317720803
2020-09-24,AAPL,1911453.153681618,0.8185301394497585,-2.8656141624311116,0.0020810058717025642
2020-09-25,AAPL,1978132.3372961308,0.8522213820326713,-2.759536584614055,0.0028941702820142147
2020-09-28,AAPL,2022312.5688366469,0.8738369040627976,-2.6950908145334007,0.0035184724467640476
2020-09-29,AAPL,2007932.4060575764,0.8641691414177962,-2.7267057591652244,0.0031985027459731584
2020-09-30,AAPL,2036191.987821552,0.8778998844157787,-2.6863551499395633,0.0036118130802905847
2020-10-01,AAPL,2052279.748026331,0.8859751118289197,-2.6626017536197013,0.0038769561099297792
2020-10-02,AAPL,1990342.8850505033,0.8581638875269851,-2.7414435885158803,0.003058493173096826
2020-10-05,AAPL,2047536.930499172,0.8869564858834086,-2.6560663294882283,0.0039529031325263335
2020-10-06,AAPL,1992721.5690184233,0.8621485576213169,-2.7260671341144205,0.003204698025002418
2020-10-07,AAPL,2024196.4554692856,0.877288008296953,-2.6818778451737226,0.003660509353053382
2020-10-08,AAPL,2022504.4909976658,0.8763379835987877,-2.684781547868419,0.003628861303925931
2020-10-09,AAPL,2055344.1729977117,0.8922009950962065,-2.639265824813697,0.00415429015169073
2020-10-12,AAPL,2177481.4738217103,0.9554253022713912,-2.4639014168277042,0.0068716953046965455
2020-10-13,AAPL,2123177.9923226004,0.9305960634094331,-2.5276628425857415,0.005741228044576685
2020-10-14,AAPL,2124718.0164923915,0.9292464885488663,-2.533357074322881,0.005648790113166573
2020-10-15,AAPL,2116767.6918921177,0.9249794445228487,-2.5452677542637283,0.005459698683656705
2020-10-16,AAPL,2089027.5028933692,0.9084778706356768,-2.593630832246158,0.004748419925587547
2020-10-19,AAPL,2039124.3776089945,0.88570977424293,-2.6559525972386773,0.0039542365102078975
2020-10-20,AAPL,2064165.2620155343,0.898546665746914,-2.6188472296501617,0.004411372471184694
2020-10-21,AAPL,2053680.551705069,0.8899220766268837,-2.647171672016911,0.004058406806489867
2020-10-22,AAPL,2035250.4183245972,0.880624914350379,-2.6741150484104046,0.0037463371076518607
2020-10-23,AAPL,2023575.7508968713,0.8741868934204373,-2.693689832194816,0.0035332945764251287
2020-10-26,AAPL,2023750.527762151,0.8701835336731528,-2.7101942208056022,0.0033621909770096617
2020-10-27,AAPL,2049313.670590137,0.8835886526625096,-2.669866877465664,0.003794066243878528
2020-10-28,AAPL,1960468.0783569813,0.8430031897719099,-2.787391184387996,0.0026567147844108554
2020-10-29,AAPL,2028326.4040703077,0.8768028576190805,-2.685601402697966,0.0036199701014794127
2020-10-30,AAPL,1922059.7185564833,0.8284113665639384,-2.8272044154198834,0.002347817148553608
2020-11-02,AAPL,1920536.7592343572,0.8274301315495396,-2.8305809721139368,0.0023231774329484857
2020-11-03,AAPL,1947966.0440132825,0.841331646793635,-2.7867606088467634,0.0026618895731348002
2020-11-04,AAPL,2022254.0367686725,0.8785690882570901,-2.674797631086102,0.0037387185513815787
2020-11-05,AAPL,2089260.1864686522,0.909521498659106,-2.5891844657889487,0.004810177207134245
2020-11-06,AAPL,2087075.6124133596,0.9074369344711649,-2.595956216316946,0.004716404221416357
2020-11-09,AAPL,2047990.0401376183,0.8889302586083802,-2.6474337071684455,0.004055262999823641
2020-11-10,AAPL,2042238.165754275,0.885397179522291,-2.65836158793224,0.0039260798432250105
2020-11-11,AAPL,2100288.8081056904,0.9119954202108227,-2.5852439341198585,0.004865506220609009
2020-11-12,AAPL,2095722.3602716944,0.9088732267599088,-2.5948576146035376,0.004731505610130019
2020-11-13,AAPL,2096399.2621870008,0.9091189072899457,-2.5942659553552954,0.004739656417591233
2020-11-16,AAPL,2113668.347126412,0.9180331404172988,-2.5690316091586887,0.005099157731454688
2020-11-17,AAPL,2098614.953545977,0.9084352888388283,-2.597954814768158,0.004689041682435569
2020-11-18,AAPL,2076362.9681238532,0.8256159209201664,-2.93262338178493,0.0016805567108303637
2020-11-19,AAPL,2086361.6634948365,0.8310208920025447,-2.91382258651032,0.0017851637379236206
2020-11-20,AAPL,2064865.8251125547,0.8210718585431793,-2.9465257069722672,0.0016068285273805672
2020-11-23,AAPL,2007483.4559916463,0.7971107860685883,-3.0240623430845166,0.0012470251900607138
2020-11-24,AAPL,2029160.790795053,0.810342357346187,-2.9746915022613782,0.0014664166546180734
2020-11-25,AAPL,2043378.3825117315,0.8176416798790176,-2.9494082766274032,0.0015919153254883133
2020-11-27,AAPL,2052531.938652425,0.8213041312639219,-2.937921996926362,0.0016521007326834034
2020-11-30,AAPL,2093148.3532668692,0.8458254335385016,-2.8517498792601312,0.0021739648883899454
2020-12-01,AAPL,2153555.8950925684,0.8833325247455501,-2.7261599985144525,0.003203796480393115
2020-12-02,AAPL,2159491.6202751095,0.8862584626831327,-2.717231475258747,0.003291527470281155
2020-12-03,AAPL,2157293.061376775,0.8841832969506817,-2.7245343457551394,0.0032196116294598703
2020-12-04,AAPL,2145788.2554555098,0.8766577461559621,-2.7493810063288815,0.002985396885863038
2020-12-07,AAPL,2170504.2223407673,0.8913203700767096,-2.7023471797997747,0.003442591359848421
2020-12-08,AAPL,2180994.8036235194,0.8969071277293453,-2.6853209442179478,0.0036230094291280963
2020-12-09,AAPL,2138180.415787673,0.877742338761909,-2.7407393603242203,0.0030650556808236727
2020-12-10,AAPL,2162219.7387939175,0.8916820687660663,-2.6964885440169315,0.0035037403969325814
2020-12-11,AAPL,2148513.5042076246,0.8847623412100556,-2.7173371715509975,0.0032904763944540494
2020-12-14,AAPL,2138240.7985849157,0.8439274089087313,-2.8848456171881387,0.001958028240967335
2020-12-15,AAPL,2238737.2231537313,0.9137758989289174,-2.647413180509135,0.004055509192827256
2020-12-16,AAPL,2237553.5297743785,0.9127407970585312,-2.6508717585949193,0.004014215929136221
2020-12-17,AAPL,2252112.940454465,0.9227174866443051,-2.6192076160315194,0.0044067144723785884
2020-12-18,AAPL,2218614.427314342,0.9042913448606555,-2.6746192508514826,0.003740708176571803
2020-12-21,AAPL,2244498.431709397,0.9194507725991075,-2.628102427290895,0.004293132885363121
2020-12-22,AAPL,2304547.2394079147,0.9600988136323928,-2.504443209354623,0.006132214631036841
2020-12-23,AAPL,2289322.4742446663,0.9528076899543814,-2.523970238377372,0.005801887599244522
2020-12-24,AAPL,2306061.7304423787,0.9642473056855765,-2.4902100653057104,0.006383380640570705
2020-12-28,AAPL,2383657.3890345194,1.0174733393259534,-2.340536625780691,0.00962802480057917
2020-12-29,AAPL,2353976.766788937,0.8567462808818073,-2.94080369974363,0.001636809589443674
2020-12-30,AAPL,2335033.793112404,0.8463520125176777,-2.9777138235224974,0.0014520349950054412
2020-01-02,JPM,717569.6619030952,0.2738267211615832,-2.503013291053565,0.006157045980092226
2020-01-03,JPM,712758.9495648255,0.2706472185924913,-2.5103925161737957,0.006029851450225453
2020-01-06,JPM,712450.3406753299,0.2704406622098199,-2.510915176075859,0.006020931403995515
2020-01-07,JPM,706278.3042422169,0.2662601659544722,-2.521873839105662,0.0058365782826797314
2020-01-08,JPM,709096.4737111096,0.26710657451188446,-2.527571827809446,0.005742716380464909
2020-01-09,JPM,710427.3460588215,0.26732871099495353,-2.532263702198059,0.005666436294363489
2020-01-10,JPM,706815.919343274,0.2649915667136224,-2.5377125501873667,0.005578979467299441
2020-01-13,JPM,709819.3897060278,0.2659174736187801,-2.543521953746986,0.005487058025955902
2020-01-14,JPM,714058.2730764642,0.2667924717743552,-2.556623447322311,0.005284678060021508
2020-01-15,JPM,708563.809752217,0.2632219601177642,-2.5655520695788905,0.005150587947079831
2020-01-16,JPM,710021.9789056927,0.26346925257246273,-2.5703201495683494,0.005080228446652462
2020-01-17,JPM,712525.7549186283,0.26442159783045543,-2.5734247885577797,0.005034876529818582
2020-01-21,JPM,708978.5583721906,0.2623265923733808,-2.5766739231385642,0.004987800294855429
2020-01-22,JPM,708546.407475838,0.2620425121915476,-2.5774247075658128,0.00497697821394833
2020-01-23,JPM,708210.6065108707,0.2618263033072066,-2.577576918930578,0.004974786735594106
2020-01-24,JPM,699289.8863606817,0.25587855350200606,-2.5939683977971146,0.0047437603564269406
2020-01-27,JPM,696326.02639834,0.2539969197882534,-2.5983511483180206,0.004683632390513995
2020-01-28,JPM,702702.7198742231,0.255262763363225,-2.6195235342932826,0.004402634839523713
2020-01-29,JPM,702176.2009057859,0.2552958275030503,-2.6162151735005543,0.0044455254218679985
2020-01-30,JPM,706568.141183628,0.25633498230029267,-2.6288969817715686,0.004283115342625921
2020-01-31,JPM,697279.2613840617,0.25026336159031376,-2.645543237461317,0.0040779931522379
2020-02-03,JPM,699969.0106221193,0.251123209135579,-2.6509579069760405,0.004013192193920562
2020-02-04,JPM,705010.2076614405,0.25225753949566687,-2.6663535065441653,0.0038339508264534114
2020-02-05,JPM,711137.5999730544,0.2535641066804438,-2.6850448138640415,0.00362600408999048
2020-02-06,JPM,711166.9862457779,0.2539748240166208,-2.6804549891685516,0.003676107571607722
2020-02-07,JPM,710022.8942181249,0.25368097356936564,-2.677507160286438,0.0037086133577981005
2020-02-10,JPM,711542.2484033258,0.25397366081188755,-2.6821517994553106,0.00365751292488271
2020-02-11,JPM,712251.2086907779,0.254736333633939,-2.6772694230826577,0.0037112460930537727
2020-02-12,JPM,712144.9702100636,0.2750094800167649,-2.4598381840653123,0.0069499835661086746
2020-02-13,JPM,711840.1641818224,0.27479855375716816,-2.4600154998219828,0.006946550775500457
2020-02-14,JPM,710730.6393607476,0.27385729421577004,-2.463717572343059,0.006875220631242832
2020-02-18,JPM,705983.7711548144,0.270445000098419,-2.4730885294847775,0.006697547803884819
2020-02-19,JPM,710877.5586346778,0.270885836545157,-2.4941247269876845,0.006313408314802331
2020-02-20,JPM,710878.1918968231,0.2707839754854071,-2.4951681141930977,0.006294873349771253
2020-02-21,JPM,706500.9798684423,0.26765461735194046,-2.5040386937306796,0.006139230260861752
2020-02-24,JPM,696873.1988521589,0.2609947843138599,-2.5221069436012167,0.005832711856766463
2020-02-25,JPM,681350.0454440914,0.25019833174752204,-2.551931542754955,0.005356378267640925
2020-02-26,JPM,682410.4114238088,0.2495661405657909,-2.5648593549716874,0.005160881723662737
2020-02-27,JPM,668520.5883973844,0.2399455442965752,-2.5918076125217566,0.004773657276411285
2020-02-28,JPM,654660.0890038593,0.2303539231216449,-2.6185667088678537,0.004415001250093847
2020-03-02,JPM,668990.3521380766,0.23240202893798226,-2.6861930443307207,0.0036135659867432934
2020-03-03,JPM,656978.6330009274,0.224476562076016,-2.708385469051195,0.0033805721851691522
2020-03-04,JPM,664624.4439073747,0.22517723123891098,-2.7501988785641664,0.002977955214875697
2020-03-05,JPM,649187.1455387343,0.19860384198833256,-3.0281978051172174,0.001230084981425983
2020-03-06,JPM,633678.8122957529,0.18914378174306834,-3.061517311740654,0.0011010912854520977
2020-03-09,JPM,595125.0724524823,0.16668851287821962,-3.1207398551697243,0.000901986602152454
2020-03-10,JPM,614257.1989692319,0.16973354527419066,-3.2481582743280573,0.0005807731964725107
2020-03-11,JPM,601774.2860652825,0.16317033321971816,-3.259677001550409,0.0005576957933588048
2020-03-12,JPM,580952.7523954039,0.15195817180559504,-3.2794301872621743,0.0005200847128010462
2020-03-13,JPM,622765.1236710652,0.1586931544047516,-3.57161031356113,0.0001773965247445415
2020-03-16,JPM,581791.5364229672,0.1422134680642289,-3.52436584764743,0.00021224885238417684
2020-03-17,JPM,596041.0454800342,0.1458371790428414,-3.5984494587776745,0.0001600600218945209
2020-03-18,JPM,570023.3687758365,0.13402723828853183,-3.594852360865095,0.00016228779322456668
2020-03-19,JPM,573761.9453054839,0.13704625759407343,-3.5603757264965714,0.0001851622697945789
2020-03-20,JPM,569037.8951214465,0.136326357896335,-3.5185200230909963,0.00021698053305452494
2020-03-23,JPM,557264.6274715854,0.13215510424027557,-3.4756142383198125,0.00025484243069555834
2020-03-24,JPM,582047.6962215725,0.13819227314181315,-3.632737630662515,0.00014021506046298869
2020-03-25,JPM,590765.3951685558,0.14245628638973193,-3.623458949158308,0.00014534467867614672
2020-03-26,JPM,607606.1927912192,0.14771266171819836,-3.679643084022007,0.00011678030701562264
2020-03-27,JPM,589189.5750379091,0.14139714373048862,-3.6327738154876115,0.00014019539233396967
2020-03-30,JPM,595466.0949307162,0.14476725564405957,-3.61737947348207,0.00014880041728159959
2020-03-31,JPM,586318.7035480461,0.14485777784943077,-3.508158488504359,0.00022561007544241434
2020-04-01,JPM,571363.1797877975,0.13796521321347188,-3.503203918466096,0.00022984869793945452
2020-04-02,JPM,579710.479643267,0.14062409312606874,-3.5367599782241763,0.0002025338055358134
2020-04-03,JPM,572880.4875296769,0.14103222653134098,-3.442082108718867,0.0002886275023759092
2020-04-06,JPM,587311.7901199706,0.14427869503697605,-3.5338557286073606,0.00020477228097598384
2020-04-07,JPM,590466.848037498,0.14863764966019669,-3.4612989645846604,0.00026878772866376874
2020-04-08,JPM,600231.5522737941,0.1513924558151745,-3.5039268434610458,0.00022922564139433023
2020-04-09,JPM,622758.3761102861,0.15830700149232418,-3.576850499303692,0.0001738794638635616
2020-04-13,JPM,610618.4497240464,0.15398801416899902,-3.553059442416541,0.00019038920603452306
2020-04-14,JPM,603484.4135626744,0.15157477924074408,-3.533867479401977,0.0002047631775694037
2020-04-15,JPM,590938.9100802459,0.14656752970386203,-3.5163589925222127,0.0002187544921684484
2020-04-16,JPM,581730.3489848445,0.1436888550362747,-3.4804105388469,0.00025032299476606925
2020-04-17,JPM,602685.7690659742,0.14807118047935938,-3.611410645259326,0.00015226800601139212
2020-04-20,JPM,593446.0133423441,0.14702051593352328,-3.5331882343546397,0.00020529001360162445
2020-04-21,JPM,586336.3760951849,0.15089332254569135,-3.358807838732263,0.00039139740015047556
2020-04-22,JPM,587142.512722244,0.1536023813596601,-3.3051776150836867,0.0004745811445760658
2020-04-23,JPM,587296.6301395784,0.15430750507731703,-3.291071602465731,0.0004990325281682067
2020-04-24,JPM,590786.5136972935,0.15859325096764182,-3.2352652896301057,0.0006076487828908627
2020-04-27,JPM,601236.1235003365,0.16132509956003602,-3.285832618425581,0.0005084070627112157
2020-04-28,JPM,603027.7956576755,0.16297966698208466,-3.269085902963914,0.0005394776965405681
2020-04-29,JPM,609888.0621187179,0.16527215196932993,-3.2899094823932478,0.0005010980838377096
2020-04-30,JPM,604329.1008335217,0.1642625697372582,-3.2547904849349836,0.000567380230498766
2020-05-01,JPM,597622.2892058854,0.16321209589859204,-3.208415775969149,0.0006673419747959412
2020-05-04,JPM,594684.6688004748,0.16424787987172607,-3.157149063274416,0.0007965993999347
2020-05-05,JPM,594346.0340392839,0.16672147285189143,-3.1038359454884286,0.0009551461171800641
2020-05-06,JPM,579104.6189549365,0.42292291905153256,-0.9835448973496035,0.16266966481393708
2020-05-07,JPM,580721.9169879307,0.4345782443422852,-0.9520847410714297,0.17052700348025174
2020-05-08,JPM,585524.6661092443,0.42998377440255553,-0.9857993231016363,0.16211579900121026
2020-05-11,JPM,578763.4025576155,0.4178935771069735,-0.9987917769351142,0.1589477851565969
2020-05-12,JPM,571442.478045194,0.4048025990222558,-1.0129472554655574,0.15554267752934736
2020-05-13,JPM,564020.0657622026,0.3915301068684029,-1.0271351693103814,0.1521784101103072
2020-05-14,JPM,574725.7532194097,0.3832398074060446,-1.106797935268831,0.1341906505678676
2020-05-15,JPM,570661.6238132751,0.3764938531814111,-1.114586714693772,0.13251378301733446
2020-05-18,JPM,583801.3827759151,0.37428126509787885,-1.1839492436808379,0.11821657766122273
2020-05-19,JPM,579287.0924906136,0.36727762229837835,-1.1924608812761996,0.1165402903222334
2020-05-20,JPM,587157.27134259,0.36195994565635403,-1.252618248564567,0.10517233521615504
2020-05-21,JPM,584531.9929406897,0.3528341306704296,-1.2812762152149944,0.10004833205003238
2020-05-22,JPM,583164.831162788,0.3435754256463886,-1.3183721294790642,0.09368955294034553
2020-05-26,JPM,600617.0801545501,0.3483462668993724,-1.37994146893199,0.08380233353657379
2020-05-27,JPM,615777.7500411705,0.3523769939335148,-1.4308929505614896,0.076230448863755
2020-05-28,JPM,611894.64572644,0.347442159928134,-1.43769115263909,0.07526085225883747
2020-05-29,JPM,605265.5149924211,0.3390256843141319,-1.4497734873317178,0.07356084758617064
2020-06-01,JPM,608801.2470432719,0.33948631639702953,-1.4645032150843604,0.07152825262734545
2020-06-02,JPM,610512.9269980718,0.3231060253880936,-1.5639236123357243,0.05891775428811372
2020-06-03,JPM,625052.4934814144,0.32501302547728433,-1.6252620278276788,0.05205336936698026
2020-06-04,JPM,630950.9247499112,0.32573453722197465,-1.6497759875298716,0.049494380886085536
2020-06-05,JPM,644089.5294271506,0.32418545679439364,-1.7224772019614445,0.042491554586016785
2020-06-08,JPM,650174.872705318,0.32203606641172144,-1.7653307605570272,0.03875409631498063
2020-06-09,JPM,642504.04395948,0.31426630877900436,-1.7790767424233636,0.037613590563783085
2020-06-10,JPM,630734.7409500137,0.30232876637851575,-1.8000155485888878,0.03592909156654983
2020-06-11,JPM,607267.6005770648,0.2840417418498979,-1.8012920181633598,0.03582843262396065
2020-06-12,JPM,614442.6479126749,0.28510582285084807,-1.8347059679294893,0.03327463377915894
2020-06-15,JPM,618203.0582877984,0.2856190788893806,-1.8519080593541783,0.03201951322439938
2020-06-16,JPM,620393.5787702259,0.28592765871120107,-1.8619716502370585,0.03130354319177474
2020-06-17,JPM,613560.066748554,0.279163366808219,-1.8742591745115686,0.030447355795358448
2020-06-18,JPM,612215.7432382785,0.27647831057785277,-1.8868642508154019,0.02958929326621292
2020-06-19,JPM,609211.4712105333,0.27350366979106455,-1.8923905077600989,0.02921948490696525
2020-06-22,JPM,606454.3095781556,0.26931972623363765,-1.909163012795198,0.028120533027887595
2020-06-23,JPM,609689.4041309626,0.2691850293083309,-1.9296459082970843,0.026825363213625476
2020-06-24,JPM,601034.4270216102,0.26083284213193003,-1.945106882711349,0.02588105785221548
2020-06-25,JPM,609897.7452271054,0.2621594383001195,-1.9897813201798706,0.02330751501571073
2020-06-26,JPM,595613.094051463,0.25361199385426597,-1.9716898335052613,0.02432251246360354
2020-06-29,JPM,596736.750834779,0.25377661027785897,-1.9776732170066833,0.02398279179448209
2020-06-30,JPM,599576.8181291141,0.2541638011209948,-1.9929545771795536,0.023133210590334505
2020-07-01,JPM,597492.7982131517,0.2520930606441249,-1.9971957977629597,0.022901958693485047
2020-07-02,JPM,598304.0363267976,0.25220087712030675,-2.001614101013005,0.02266312562480206
2020-07-06,JPM,604699.2506898948,0.25311450864732793,-2.0350875186357222,0.02092103381804972
2020-07-07,JPM,597535.2717168416,0.24653315998089123,-2.0477425479894604,0.02029261621058451
2020-07-08,JPM,600219.573929346,0.24683713022947007,-2.0626705810379526,0.019571968413078625
2020-07-09,JPM,594806.0425854174,0.24191110695987247,-2.0721963305539566,0.019123567743091846
2020-07-10,JPM,608311.7316039879,0.2439822192116848,-2.144567065229671,0.01599373896553475
2020-07-13,JPM,612076.969529805,0.24458112611848493,-2.1635377717970323,0.015249920918021772
2020-07-14,JPM,613600.1648813355,0.24480477606702736,-2.1714905426073536,0.014947055640502672
2020-07-15,JPM,617703.2806088479,0.2453376968091331,-2.1934066977817106,0.01413904509625846
2020-07-16,JPM,618514.9143535561,0.24544282932393227,-2.1973045290651845,0.013999352209588445
2020-07-17,JPM,613555.6853717535,0.24127255486455498,-2.2061242341063108,0.013687651166109347
2020-07-20,JPM,611279.5576769061,0.23643256175309252,-2.2404555452266837,0.012530681859366887
2020-07-21,JPM,617027.2952415699,0.2372434957213412,-2.271014630945391,0.011573046129730835
2020-07-22,JPM,615114.836266903,0.2327912668986849,-2.305608464758144,0.010566259938909646
2020-07-23,JPM,615890.7674538307,0.2328797160739502,-2.310057641259664,0.010442481567775483
2020-07-24,JPM,614045.1787860334,0.23134732315601736,-2.3134918256265755,0.010347806837845194
2020-07-27,JPM,610346.6454744119,0.22824518027453417,-2.321589273771784,0.010127531002974864
2020-07-28,JPM,611494.8774423153,0.2283727703525662,-2.328394679271637,0.009945577964260537
2020-07-29,JPM,617889.5670743356,0.2291028045707003,-2.3652182144285456,0.009009725055037929
2020-07-30,JPM,610764.8407729496,0.2235505282922737,-2.3777041381019903,0.008710398651378416
2020-07-31,JPM,609836.9019818342,0.20962322611888565,-2.542814722699765,0.005498176036828392
2020-08-03,JPM,608443.3926803286,0.20418231847898877,-2.6043934718415174,0.0046018513696105285
2020-08-04,JPM,606963.0091129219,0.20279400452527688,-2.6116036923457187,0.004505932709219203
2020-08-05,JPM,611420.4466544276,0.20337453349291448,-2.639547184382517,0.00415084329885255
2020-08-06,JPM,611549.3233072893,0.20313513811373257,-2.6434426888076894,0.004103382885901161
2020-08-07,JPM,617305.797179771,0.20386138589905953,-2.679257831229233,0.0036892777134936226
2020-08-10,JPM,620710.3652097869,0.20409822340079975,-2.702860158994901,0.0034372831028736113
2020-08-11,JPM,629284.6239384124,0.20511384056157136,-2.7548615819381075,0.0029358485191251773
2020-08-12,JPM,626937.9068369581,0.20342368645271447,-2.761081276733895,0.0028805168718024103
2020-08-13,JPM,625429.0155737004,0.20229577976555455,-2.765200910311305,0.0028443873139232198
2020-08-14,JPM,625553.1832318798,0.20217021263226212,-2.768025878600977,0.002819848864272926
2020-08-17,JPM,618295.260148997,0.19738768930983192,-2.7808096290663946,0.002711176200097209
2020-08-18,JPM,614593.4240305115,0.19481170760518235,-2.7888343183184494,0.0026449059483989656
2020-08-19,JPM,615214.8897819812,0.19387517369368784,-2.8084578630522654,0.002488969817662448
2020-08-20,JPM,612034.7767171725,0.19132701069731034,-2.8213398493157,0.0023911754725608595
2020-08-21,JPM,611973.7316656979,0.17659211373637176,-3.0709717842313116,0.0010668165628277245
2020-08-24,JPM,619330.7700067372,0.17752191449967106,-3.121276067744541,0.0009003456988226933
2020-08-25,JPM,620506.3031064813,0.17676465004893038,-3.1461342425493504,0.0008272202469914117
2020-08-26,JPM,616772.2399046945,0.174324765370034,-3.1574267601078216,0.0007958410739992218
2020-08-27,JPM,625519.3658430136,0.1754291467545642,-3.2167232989787466,0.0006483179332750445
2020-08-28,JPM,626663.7478490266,0.17449989492091292,-3.2452594283400513,0.0005867183337815817
2020-08-31,JPM,619777.8248799103,0.17055646041061448,-3.2589134346503696,0.000559198938666989
2020-09-01,JPM,619623.5161014041,0.1702106427813445,-3.2644178261117616,0.0005484463794537833
2020-09-02,JPM,623703.2712199156,0.17049707712281556,-3.297138799415772,0.000488376092169642
2020-09-03,JPM,622873.3439808055,0.1697232499800556,-3.30451269136483,0.0004757083406874228
2020-09-04,JPM,628745.4166634679,0.17028935830588857,-3.348063737659487,0.00040689146593392376
2020-09-08,JPM,619109.2706786585,0.1651447978042372,-3.363459319124611,0.00038486089858193477
2020-09-09,JPM,621674.7583724946,0.16453489063519808,-3.4016713332826223,0.00033487565809925483
2020-09-10,JPM,618863.1571619288,0.16262236764513988,-3.415726844229249,0.00031806010943063524
2020-09-11,JPM,622236.1864223663,0.16196226600722677,-3.4632528555288022,0.0002668433081519165
2020-09-14,JPM,626006.6844924757,0.16131830722559998,-3.5151725009910137,0.00021973421426581862
2020-09-15,JPM,617416.7342800504,0.15686361514395197,-3.5314342666095437,0.00020665628761471353
2020-09-16,JPM,618595.9413878791,0.15375108110853428,-3.6178284030727292,0.00014854262509503293
2020-09-17,JPM,615536.8779670707,0.15227490959129525,-3.6218275431557303,0.00014626455896983316
2020-09-18,JPM,614949.9928427305,0.15091967363014072,-3.6493917015611568,0.00013143101442016395
2020-09-21,JPM,606827.5792232576,0.14678787130633592,-3.665042477858175,0.000123648767195382
2020-09-22,JPM,604015.7157516385,0.14544529743437837,-3.6682896293937093,0.00012208924357972657
2020-09-23,JPM,599941.1277523336,0.1435019269469424,-3.672059087458564,0.00012030201621690424
2020-09-24,JPM,599724.8706816781,0.1430369518626274,-3.6819411765440093,0.00011573241180143671
2020-09-25,JPM,601919.2195336514,0.1407571848688495,-3.769820942887783,8.168235462581413e-05
2020-09-28,JPM,609185.0455821317,0.14182761276616482,-3.824198638614557,6.559905538005932e-05
2020-09-29,JPM,606991.1597601298,0.14083045040768874,-3.8266585396362225,6.494725090566147e-05
2020-09-30,JPM,609463.4481850613,0.13819323125703192,-3.931760722843865,4.216298788003861e-05
2020-10-01,JPM,611383.5280654894,0.13663827900606135,-4.000356917030373,3.1623509628360487e-05
2020-10-02,JPM,613855.5986331154,0.13571162895449795,-4.0583355065255775,2.4711863968876206e-05
2020-10-05,JPM,619417.6432092593,0.13629448570069697,-4.10657908599323,2.007810065876021e-05
2020-10-06,JPM,616702.616434902,0.13516814135671829,-4.108691088566462,1.98953946130233e-05
2020-10-07,JPM,621337.6532332062,0.13539886015858496,-4.156760694287365,1.6139589699262175e-05
2020-10-08,JPM,626899.6857881247,0.13590002321633593,-4.206508150791138,1.2967336698599616e-05
2020-10-09,JPM,625358.8576276349,0.13525966675723955,-4.2081317256650195,1.2874537894009364e-05
2020-10-12,JPM,628726.9912742748,0.1346026605212564,-4.269236673757637,9.807152958453237e-06
2020-10-13,JPM,624215.6557239604,0.12866797561965304,-4.416255175507015,5.021276249237617e-06
2020-10-14,JPM,622736.6401470393,0.12487626207321718,-4.534401314901593,2.888355135174443e-06
2020-10-15,JPM,626815.4395642349,0.12504388279598547,-4.580364667698401,2.3208294417863264e-06
2020-10-16,JPM,626228.3414296181,0.12435875649879342,-4.598750901364217,2.125158084622619e-06
2020-10-19,JPM,621628.4194120611,0.12261417796760699,-4.604996218755865,2.0623667770109653e-06
2020-10-20,JPM,623173.4229273798,0.12206346566097899,-4.646660866599196,1.6867554030978312e-06
2020-10-21,JPM,620454.2252980069,0.12028155793018001,-4.680937300729369,1.42783137162796e-06
2020-10-22,JPM,630037.408717641,0.12198770167851256,-4.738601640560783,1.0759904090483162e-06
2020-10-23,JPM,632540.3097987637,0.12215348062405056,-4.764462187514955,9.467901053045828e-07
2020-10-26,JPM,625587.8095385914,0.12013996752338445,-4.754348909266819,9.95434809421169e-07
2020-10-27,JPM,620431.693828142,0.11845495934505058,-4.752963970233563,1.0022804024827433e-06
2020-10-28,JPM,612861.1935366514,0.11620040854461443,-4.741804596182472,1.0591144103760493e-06
2020-10-29,JPM,614560.6938449214,0.11656590452633231,-4.750328299271699,1.0154333457951382e-06
2020-10-30,JPM,616975.0821151029,0.11702327535478073,-4.7639569034815805,9.491653284603076e-07
2020-11-02,JPM,622969.683350956,0.11810662530015519,-4.801048990920382,7.891832298799637e-07
2020-11-03,JPM,631564.0755567299,0.12003929835284805,-4.835142491865638,6.652514700144512e-07
2020-11-04,JPM,623004.774950178,0.11790276933494344,-4.809183714151763,7.577393908619869e-07
2020-11-05,JPM,634128.7747578981,0.1216280706015686,-4.803724817357033,7.787041916860771e-07
2020-11-06,JPM,630394.0675891316,0.12171779005701361,-4.750743041858935,1.0133526957267555e-06
2020-11-09,JPM,668215.6664375975,0.13757207929768286,-4.611839601172599,1.9956046597549398e-06
2020-11-10,JPM,667195.9559287233,0.13753794722587456,-4.601914493518511,2.093125357296966e-06
2020-11-11,JPM,662503.3715297311,0.1359144393694034,-4.605851364149567,2.053908675694747e-06
2020-11-12,JPM,658671.7629804764,0.13462652525639066,-4.608123113467826,2.031600330690028e-06
2020-11-13,JPM,660587.4965682818,0.15305178212843654,-4.055030128995419,2.5063920589220804e-05
2020-11-16,JPM,669367.131497921,0.15465448083170996,-4.096138081159076,2.1004970917960302e-05
2020-11-17,JPM,666153.5418765458,0.15336214732423492,-4.100572733406385,2.0606443759255364e-05
2020-11-18,JPM,663805.1436147268,0.15243376947710496,-4.103310241211409,2.03640258995824e-05
2020-11-19,JPM,664674.4341153025,0.1525802086816508,-4.107147446145584,2.002877673141155e-05
2020-11-20,JPM,661986.2582731992,0.1515165615712216,-4.110300442377692,1.9757232358062692e-05
2020-11-23,JPM,670947.2850430576,0.1535048662206149,-4.14267731196166,1.7163739114749782e-05
2020-11-24,JPM,685783.5418412103,0.15619160229726117,-4.208142753647628,1.2873909731800713e-05
2020-11-25,JPM,682291.8504695407,0.15486407987163625,-4.212587482599406,1.262309426703196e-05
2020-11-27,JPM,680102.1599698642,0.15409892076846843,-4.212762858105821,1.26132937989518e-05
2020-11-30,JPM,671048.3466882216,0.15725650829176205,-4.039825217513378,2.6745524461560076e-05
2020-12-01,JPM,676084.9622960462,0.15955148646700087,-4.026304325118776,2.8330174161547412e-05
2020-12-02,JPM,682361.8798999921,0.16152072551695723,-4.031854641431599,2.766920594403523e-05
2020-12-03,JPM,680198.883587221,0.16068277134421266,-4.033961922537714,2.7422104542509648e-05
2020-12-04,JPM,683196.045386275,0.16525136906774165,-3.9445378075797497,3.997701948694914e-05
2020-12-07,JPM,681964.0478715738,0.16784110909831865,-3.8697554592170516,5.4472286908924254e-05
2020-12-08,JPM,682303.7477655633,0.17016110482072433,-3.817617210336304,6.737338804952506e-05
2020-12-09,JPM,679739.0497147499,0.16905515769309878,-3.821424830728581,6.634142901980476e-05
2020-12-10,JPM,677642.084667365,0.1681619600769257,-3.823649852632221,6.574530679081832e-05
2020-12-11,JPM,675726.297327654,0.1673532818677378,-3.8260198262355707,6.511590284281818e-05
2020-12-14,JPM,672331.31073765,0.16846661036360971,-3.769133637979842,8.190758313950564e-05
2020-12-15,JPM,677800.6464431953,0.16982849552300136,-3.7852586424157355,7.677439839964336e-05
2020-12-16,JPM,678758.2512402451,0.1729279519530098,-3.72250644610686,9.862743564412241e-05
2020-12-17,JPM,676074.168363881,0.1717278153057559,-3.726070762432302,9.724391282191332e-05
2020-12-18,JPM,674467.3831144978,0.1710318608650815,-3.7280176444840136,9.649593452822799e-05
2020-12-21,JPM,686611.3554680545,0.17307220774163082,-3.7851475983737544,7.680868869289443e-05
2020-12-22,JPM,681548.054315521,0.1708453630495821,-3.7928165392251603,7.447410068655151e-05
2020-12-23,JPM,690787.0457001496,0.17516042139336602,-3.771990430640383,8.097523429609226e-05
2020-12-24,JPM,689272.6662957943,0.176833197183263,-3.722233053106826,9.873431587073053e-05
2020-12-28,JPM,691532.4577085807,0.17850007888831673,-3.7035915031506677,0.0001062842288061847
2020-12-29,JPM,690636.1061367594,0.1798308527192965,-3.6676460937339166,0.00012239684359424235
2020-12-30,JPM,691628.6096156201,0.18329305797700618,-3.602227937158492,0.00015775076478394859
2020-01-02,TSLA,104067.73038567907,0.8194543382647743,-2.616712337276855,0.004439056304131762
2020-01-03,TSLA,106894.75051341679,0.8275705560273986,-2.615239539506307,0.0044582448984379144
2020-01-06,TSLA,108790.76019782947,0.8253571771582207,-2.6457711567801967,0.004075246721433971
2020-01-07,TSLA,112681.78176216265,0.8270485903750113,-2.681160621033879,0.0036683645653662216
2020-01-08,TSLA,117803.3638998971,0.8365729886574679,-2.6941781731731957,0.0035281216673626356
2020-01-09,TSLA,115409.60110963279,0.8285374852582107,-2.703604180740929,0.0034295971082463554
2020-01-10,TSLA,114711.55856182749,0.8246002149151245,-2.713102707999249,0.00333282216283303
2020-01-13,TSLA,125054.32628820979,0.832805045828827,-2.78174728258822,0.0027033561787047264
2020-01-14,TSLA,127947.30988204422,0.8354344875610612,-2.7977420409020493,0.002573059698703766
2020-01-15,TSLA,123657.55763093139,0.8335066295720063,-2.7652287610664783,0.002844144457532496
2020-01-16,TSLA,122527.79281582926,0.8328562805472297,-2.756898384671189,0.00291762410856075
2020-01-17,TSLA,121862.96138182488,0.829250003002679,-2.7659407852097186,0.002837942010738366
2020-01-21,TSLA,130010.81834296513,0.8355707802312352,-2.8160575961302445,0.0024308474992385896
2020-01-22,TSLA,134964.07729525826,0.8590782857447787,-2.759338677141072,0.0028959237807533534
2020-01-23,TSLA,135563.64381595107,0.857634819623534,-2.7704793135383823,0.002798692780650787
2020-01-24,TSLA,133901.773406356,0.8456083994724837,-2.8074067829358524,0.0024971065886371857
2020-01-27,TSLA,132405.7916006445,0.8386587109354058,-2.8242527983099888,0.002369549486830857
2020-01-28,TSLA,134368.25360363934,0.8448566097057106,-2.8146550091791633,0.0024414811131960885
2020-01-29,TSLA,137493.3083268466,0.857245461090062,-2.7884981718490836,0.0026476523149150982
2020-01-30,TSLA,150761.38461777725,0.8593667050014318,-2.88669529955615,0.001946555244366401
2020-01-31,TSLA,152923.1486319469,0.8693048653261193,-2.8600749467222837,0.002117704500630434
2020-02-03,TSLA,177459.99999999997,1.1999999999999997,-1.9107768946283266,0.028016629092444914
2020-02-04,TSLA,177459.99999999997,1.1999999999999997,-1.9107768946283266,0.028016629092444914
2020-02-05,TSLA,171576.82436849366,0.9056420758996283,-2.8366884086963853,0.0022792037195705247
2020-02-06,TSLA,174733.54863039256,0.9380042887668295,-2.7264515570642,0.003200967459337791
2020-02-07,TSLA,174534.44757484822,0.9329310595906222,-2.74514281019018,0.003024228526301085
2020-02-10,TSLA,177459.99999999997,1.1999999999999997,-1.9106102279616597,0.028027344496494872
2020-02-11,TSLA,177459.99999999997,1.1999999999999997,-1.9106102279616597,0.028027344496494872
2020-02-12,TSLA,177459.99999999997,1.1999999999999997,-1.9106102279616597,0.028027344496494872
2020-02-13,TSLA,177459.99999999997,1.1999999999999997,-1.9105268946283265,0.028032703478234326
2020-02-14,TSLA,177459.99999999997,1.1999999999999997,-1.9105268946283265,0.028032703478234326
2020-02-18,TSLA,177459.99999999997,1.1999999999999997,-1.9104435612949933,0.02803806331324826
2020-02-19,TSLA,177459.99999999997,1.1999999999999997,-1.9104435612949933,0.02803806331324826
2020-02-20,TSLA,177459.99999999997,1.1999999999999997,-1.9104435612949933,0.02803806331324826
2020-02-21,TSLA,177459.99999999997,1.1999999999999997,-1.9103602279616598,0.028043424001635314
2020-02-24,TSLA,177459.99999999997,1.1999999999999997,-1.9103602279616598,0.028043424001635314
2020-02-25,TSLA,177459.99999999997,1.1999999999999997,-1.9103602279616598,0.028043424001635314
2020-02-26,TSLA,177459.99999999997,1.1999999999999997,-1.9102768946283264,0.02804878554349413
2020-02-27,TSLA,159239.49513632362,0.951235093948908,-2.577251705105743,0.0049794700783185415
2020-02-28,TSLA,156781.8620967707,0.9213824692871534,-2.6742093785660996,0.0037452834257325415
2020-03-02,TSLA,173542.2409565818,0.9304814274984021,-2.748050801016751,0.0029975359776338016
2020-03-03,TSLA,173972.50760264986,0.9531888573400995,-2.6627460111084473,0.0038752945694211756
2020-03-04,TSLA,174871.39204900758,0.9518439305000927,-2.67316345439969,0.003756981431307094
2020-03-05,TSLA,169317.36187516712,0.9557237699639554,-2.624668333645717,0.0043366703834864925
2020-03-06,TSLA,164660.6380185016,0.9628009704300309,-2.5693584452218845,0.005094350416738095
2020-03-09,TSLA,143474.56075214592,0.9679023782143414,-2.408328908196802,0.008012867931729567
2020-03-10,TSLA,151754.052214897,0.9820207540370023,-2.4168183661310576,0.007828413842285671
2020-03-11,TSLA,149290.47051869307,0.9928932581999892,-2.3630560349263936,0.009062464423658812
2020-03-12,TSLA,132955.56812306144,0.9999685683116352,-2.2233033536631615,0.013097675769417056
2020-03-13,TSLA,129858.4946810438,1.0086653027237458,-2.1721075811016446,0.014923774645685861
2020-03-16,TSLA,107323.71753860055,1.0118553118410856,-1.9737121478127861,0.024207241542704677
2020-03-17,TSLA,104026.16037685933,1.0151393263807262,-1.9332080580075683,0.026605286252690465
2020-03-18,TSLA,88705.82149006691,1.006327758211745,-1.800670574052965,0.035877409127739
2020-03-19,TSLA,103454.79636813301,1.0244547599647138,-1.9009800216484765,0.028652314739379042
2020-03-20,TSLA,103417.23625630535,1.0331472008094877,-1.875881882538696,0.030335750482657395
2020-03-23,TSLA,104914.06456051409,1.0366668313421015,-1.8798610179540272,0.030063510930799706
2020-03-24,TSLA,120617.62062552421,1.0626642841331944,-1.9394504587760033,0.026223255710708326
2020-03-25,TSLA,128199.54882361964,1.0810131158251952,-1.9446391151442055,0.025909214050619717
2020-03-26,TSLA,125728.92672563417,1.0933884604963846,-1.8925260036675542,0.029210466174669006
2020-03-27,TSLA,122659.60525759141,1.102759883104905,-1.8446993542559815,0.03254064243618687
2020-03-30,TSLA,119957.04754147684,1.11119370445998,-1.8021565918222566,0.03576038602109557
2020-03-31,TSLA,124779.05120328751,1.1223653873325936,-1.808216483338235,0.03528640708488762
2020-04-01,TSLA,115349.50877202707,1.1248751315903645,-1.7318204328878477,0.041652769468763055
2020-04-02,TSLA,109349.30827769022,1.1274623466751648,-1.6777933183122882,0.04669372710034345
2020-04-03,TSLA,115006.38399825168,1.1382046553046343,-1.695582384349351,0.04498249807725931
2020-04-06,TSLA,123063.61762209858,1.1462900435515475,-1.7346378078233755,0.0414024891926712
2020-04-07,TSLA,129514.41938012328,1.163042376060776,-1.73686317968725,0.041205661969472424
2020-04-08,TSLA,130273.14410600696,1.1725637492798484,-1.7182584102940863,0.04287474585339723
2020-04-09,TSLA,135633.65945572287,1.1758517407672746,-1.7444639350991256,0.04053911243264699
2020-04-13,TSLA,152943.69230330415,1.1858596460610114,-1.8209788390516144,0.034305036797464245
2020-04-14,TSLA,166018.64120011497,1.1999985364021895,-1.8537429916960797,0.03188796894991978
2020-04-15,TSLA,170445.7139875337,1.1999991192497816,-1.8756721700300845,0.03035015481950775
2020-04-16,TSLA,173840.68202324145,1.1999995461997006,-1.892106420472842,0.029238401526779915
2020-04-17,TSLA,175771.92020175184,1.1999997885183742,-1.9012291205653895,0.028636004187503953
2020-04-20,TSLA,174107.79918350215,1.1999927382386617,-1.8933201233265793,0.029157655315984823
2020-04-21,TSLA,160859.64472706546,1.199998128017078,-1.8273541018241752,0.03382327281026882
2020-04-22,TSLA,170946.68269760703,1.1999993267471052,-1.8779506876496723,0.030193955670955577
2020-04-23,TSLA,165054.98405513243,1.199999604264928,-1.8487224197670367,0.03224895231845294
2020-04-24,TSLA,169382.28099136217,1.199999782054154,-1.870288241180211,0.030721900782867777
2020-04-27,TSLA,177459.99999866995,1.1999999999999997,-1.909026894622081,0.028129311155475473
2020-04-28,TSLA,177459.99999999997,1.1999999999999997,-1.9090268946283262,0.02812931115507267
2020-04-29,TSLA,177459.99999999997,1.1999999999999997,-1.9090268946283262,0.02812931115507267
2020-04-30,TSLA,177459.99999999997,1.1999999999999997,-1.9089435612949932,0.02813468636589747
2020-05-01,TSLA,164093.63184844353,1.1963270964814747,-1.8530257975364535,0.031939330572967474
2020-05-04,TSLA,177405.28021509136,1.1999849320574207,-1.9087255983533167,0.028148749570749112
2020-05-05,TSLA,177459.99999999607,1.1999999999999988,-1.9088602279616436,0.028140062431872535
2020-05-06,TSLA,177459.99999999997,1.1999999999999997,-1.90886022796166,0.028140062431871487
2020-05-07,TSLA,177459.99999999997,1.1999999999999997,-1.90886022796166,0.028140062431871487
2020-05-08,TSLA,177459.99999999997,1.1999999999999997,-1.9087768946283266,0.02814543935309339
2020-05-11,TSLA,177459.99999999997,1.1999999999999997,-1.9087768946283266,0.02814543935309339
2020-05-12,TSLA,177459.99999999997,1.1999999999999997,-1.9087768946283266,0.02814543935309339
2020-05-13,TSLA,177459.99999999997,1.1999999999999997,-1.908693561294993,0.02815081712966193
2020-05-14,TSLA,177459.99999999997,1.1999999999999997,-1.908693561294993,0.02815081712966193
2020-05-15,TSLA,177459.99999999997,1.1999999999999997,-1.908693561294993,0.02815081712966193
2020-05-18,TSLA,177459.99999999997,1.1999999999999997,-1.90861022796166,0.028156195761675752
2020-05-19,TSLA,177459.99999999997,1.1999999999999997,-1.90861022796166,0.028156195761675752
2020-05-20,TSLA,177459.99999999997,1.1999999999999997,-1.90861022796166,0.028156195761675752
2020-05-21,TSLA,177459.99999999997,1.1999999999999997,-1.9085268946283263,0.02816157524923363
2020-05-22,TSLA,177459.99999999997,1.1999999999999997,-1.9085268946283263,0.02816157524923363
2020-05-26,TSLA,177459.99999999997,1.1999999999999997,-1.9084435612949933,0.028166955592434248
2020-05-27,TSLA,177459.99999999997,1.1999999999999997,-1.9084435612949933,0.028166955592434248
2020-05-28,TSLA,177459.99999999997,1.1999999999999997,-1.9083602279616596,0.028172336791376415
2020-05-29,TSLA,177459.99999999997,1.1999999999999997,-1.9083602279616596,0.028172336791376415
2020-06-01,TSLA,177459.99999999997,1.1999999999999997,-1.9083602279616596,0.028172336791376415
2020-06-02,TSLA,177459.99999999997,1.1999999999999997,-1.9082768946283266,0.028177718846158738
2020-06-03,TSLA,177459.99999999997,1.1999999999999997,-1.9082768946283266,0.028177718846158738
2020-06-04,TSLA,177459.99999999997,1.1999999999999997,-1.9082768946283266,0.028177718846158738
2020-06-05,TSLA,177459.99999999997,1.1999999999999997,-1.908193561294993,0.028183101756880068
2020-06-08,TSLA,177459.99999999997,1.1999999999999997,-1.908193561294993,0.028183101756880068
2020-06-09,TSLA,177459.99999999997,1.1999999999999997,-1.908193561294993,0.028183101756880068
2020-06-10,TSLA,177459.99999999997,1.1999999999999997,-1.90811022796166,0.02818848552363905
2020-06-11,TSLA,177459.99999999997,1.1999999999999997,-1.90811022796166,0.02818848552363905
2020-06-12,TSLA,177459.99999999997,1.1999999999999997,-1.90811022796166,0.02818848552363905
2020-06-15,TSLA,177459.99999999997,1.1999999999999997,-1.9080268946283263,0.0281938701465345
2020-06-16,TSLA,177459.99999999997,1.1999999999999997,-1.9080268946283263,0.0281938701465345
2020-06-17,TSLA,177459.99999999997,1.1999999999999997,-1.9080268946283263,0.0281938701465345
2020-06-18,TSLA,177459.99999999997,1.1999999999999997,-1.9079435612949933,0.02819925562566509
2020-06-19,TSLA,177459.99999999997,1.1999999999999997,-1.9079435612949933,0.02819925562566509
2020-06-22,TSLA,177459.99999999997,1.1999999999999997,-1.9079435612949933,0.02819925562566509
2020-06-23,TSLA,177459.99999999997,1.1999999999999997,-1.9078602279616597,0.02820464196112963
2020-06-24,TSLA,177459.99999999997,1.1999999999999997,-1.9078602279616597,0.02820464196112963
2020-06-25,TSLA,177459.99999999997,1.1999999999999997,-1.9078602279616597,0.02820464196112963
2020-06-26,TSLA,177459.99999999997,1.1999999999999997,-1.9077768946283262,0.02821002915302686
2020-06-29,TSLA,177459.99999999997,1.1999999999999997,-1.9077768946283262,0.02821002915302686
2020-06-30,TSLA,177459.99999999997,1.1999999999999997,-1.9077768946283262,0.02821002915302686
2020-07-01,TSLA,177459.99999999997,1.1999999999999997,-1.907693561294993,0.028215417201455498
2020-07-02,TSLA,177459.99999999997,1.1999999999999997,-1.907693561294993,0.028215417201455498
2020-07-06,TSLA,177459.99999999997,1.1999999999999997,-1.90761022796166,0.028220806106514326
2020-07-07,TSLA,177459.99999999997,1.1999999999999997,-1.90761022796166,0.028220806106514326
2020-07-08,TSLA,177459.99999999997,1.1999999999999997,-1.9075268946283264,0.02822619586830216
2020-07-09,TSLA,177459.99999999997,1.1999999999999997,-1.9075268946283264,0.02822619586830216
2020-07-10,TSLA,177459.99999999997,1.1999999999999997,-1.9075268946283264,0.02822619586830216
2020-07-13,TSLA,177459.99999999997,1.1999999999999997,-1.907443561294993,0.028231586486917697
2020-07-14,TSLA,177459.99999999997,1.1999999999999997,-1.907443561294993,0.028231586486917697
2020-07-15,TSLA,177459.99999999997,1.1999999999999997,-1.907443561294993,0.028231586486917697
2020-07-16,TSLA,177459.99999999997,1.1999999999999997,-1.9073602279616597,0.028236977962459733
2020-07-17,TSLA,177459.99999999997,1.1999999999999997,-1.9073602279616597,0.028236977962459733
2020-07-20,TSLA,177459.99999999997,1.1999999999999997,-1.9073602279616597,0.028236977962459733
2020-07-21,TSLA,177459.99999999997,1.1999999999999997,-1.9072768946283267,0.02824237029502703
2020-07-22,TSLA,177459.99999999997,1.1999999999999997,-1.9072768946283267,0.02824237029502703
2020-07-23,TSLA,177459.99999999997,1.1999999999999997,-1.9072768946283267,0.02824237029502703
2020-07-24,TSLA,177459.99999999997,1.1999999999999997,-1.907193561294993,0.02824776348471843
2020-07-27,TSLA,177459.99999999997,1.1999999999999997,-1.907193561294993,0.02824776348471843
2020-07-28,TSLA,177459.99999999997,1.1999999999999997,-1.907193561294993,0.02824776348471843
2020-07-29,TSLA,177459.99999999997,1.1999999999999997,-1.9071102279616596,0.02825315753163264
2020-07-30,TSLA,177459.99999999997,1.1999999999999997,-1.9071102279616596,0.02825315753163264
2020-07-31,TSLA,177459.99999999997,1.1999999999999997,-1.9071102279616596,0.02825315753163264
2020-08-03,TSLA,177459.99999999997,1.1999999999999997,-1.9070268946283264,0.028258552435868455
2020-08-04,TSLA,177459.99999999997,1.1999999999999997,-1.9070268946283264,0.028258552435868455
2020-08-05,TSLA,177459.99999999997,1.1999999999999997,-1.9070268946283264,0.028258552435868455
2020-08-06,TSLA,177459.99999999997,1.1999999999999997,-1.9069435612949934,0.02826394819752469
2020-08-07,TSLA,177459.99999999997,1.1999999999999997,-1.9069435612949934,0.02826394819752469
2020-08-10,TSLA,177459.99999999997,1.1999999999999997,-1.9069435612949934,0.02826394819752469
2020-08-11,TSLA,177459.99999999997,1.1999999999999997,-1.9068602279616598,0.028269344816700178
2020-08-12,TSLA,177459.99999999997,1.1999999999999997,-1.9068602279616598,0.028269344816700178
2020-08-13,TSLA,177459.99999999997,1.1999999999999997,-1.9067768946283263,0.02827474229349366
2020-08-14,TSLA,177459.99999999997,1.1999999999999997,-1.9067768946283263,0.02827474229349366
2020-08-17,TSLA,177459.99999999997,1.1999999999999997,-1.9067768946283263,0.02827474229349366
2020-08-18,TSLA,177459.99999999997,1.1999999999999997,-1.9066935612949931,0.02828014062800395
2020-08-19,TSLA,177459.99999999997,1.1999999999999997,-1.9066935612949931,0.02828014062800395
2020-08-20,TSLA,177459.99999999997,1.1999999999999997,-1.9066935612949931,0.02828014062800395
2020-08-21,TSLA,177459.99999999997,1.1999999999999997,-1.9066102279616597,0.02828553982032986
2020-08-24,TSLA,177459.99999999997,1.1999999999999997,-1.9066102279616597,0.02828553982032986
2020-08-25,TSLA,177459.99999999997,1.1999999999999997,-1.9066102279616597,0.02828553982032986
2020-08-26,TSLA,177459.99999999997,1.1999999999999997,-1.9065268946283265,0.028290939870570186
2020-08-27,TSLA,177459.99999999997,1.1999999999999997,-1.9065268946283265,0.028290939870570186
2020-08-28,TSLA,177459.99999999997,1.1999999999999997,-1.9065268946283265,0.028290939870570186
2020-08-31,TSLA,177459.99999999997,1.1999999999999997,-1.906443561294993,0.028296340778823773
2020-09-01,TSLA,177459.99999999997,1.1999999999999997,-1.906443561294993,0.028296340778823773
2020-09-02,TSLA,177459.99999999997,1.1999999999999997,-1.906443561294993,0.028296340778823773
2020-09-03,TSLA,177459.99999999997,1.1999999999999997,-1.9063602279616598,0.028301742545189388
2020-09-04,TSLA,177459.99999999997,1.1999999999999997,-1.9063602279616598,0.028301742545189388
2020-09-08,TSLA,177459.99999999997,1.1999999999999997,-1.9062768946283264,0.02830714516976593
2020-09-09,TSLA,177459.99999999997,1.1999999999999997,-1.9062768946283264,0.02830714516976593
2020-09-10,TSLA,177459.99999999997,1.1999999999999997,-1.9062768946283264,0.02830714516976593
2020-09-11,TSLA,177459.99999999997,1.1999999999999997,-1.9061935612949932,0.028312548652652127
2020-09-14,TSLA,177459.99999999997,1.1999999999999997,-1.9061935612949932,0.028312548652652127
2020-09-15,TSLA,177459.99999999997,1.1999999999999997,-1.9061935612949932,0.028312548652652127
2020-09-16,TSLA,177459.99999999997,1.1999999999999997,-1.9061102279616597,0.028317952993946894
2020-09-17,TSLA,177459.99999999997,1.1999999999999997,-1.9061102279616597,0.028317952993946894
2020-09-18,TSLA,177459.99999999997,1.1999999999999997,-1.9061102279616597,0.028317952993946894
2020-09-21,TSLA,177459.99999999997,1.1999999999999997,-1.9060268946283265,0.02832335819374901
2020-09-22,TSLA,177459.99999999997,1.1999999999999997,-1.9060268946283265,0.02832335819374901
2020-09-23,TSLA,177459.99999999997,1.1999999999999997,-1.905943561294993,0.02832876425215733
2020-09-24,TSLA,177459.99999999997,1.1999999999999997,-1.905943561294993,0.02832876425215733
2020-09-25,TSLA,177459.99999999997,1.1999999999999997,-1.905943561294993,0.02832876425215733
2020-09-28,TSLA,177459.99999999997,1.1999999999999997,-1.9058602279616597,0.02833417116927071
2020-09-29,TSLA,177459.99999999997,1.1999999999999997,-1.9058602279616597,0.02833417116927071
2020-09-30,TSLA,177459.99999999997,1.1999999999999997,-1.9058602279616597,0.02833417116927071
2020-10-01,TSLA,177459.99999999997,1.1999999999999997,-1.9057768946283264,0.028339578945187956
2020-10-02,TSLA,177459.99999999997,1.1999999999999997,-1.9057768946283264,0.028339578945187956
2020-10-05,TSLA,177459.99999999997,1.1999999999999997,-1.9057768946283264,0.028339578945187956
2020-10-06,TSLA,177459.99999999997,1.1999999999999997,-1.9056935612949932,0.028344987580007926
2020-10-07,TSLA,177459.99999999997,1.1999999999999997,-1.9056935612949932,0.028344987580007926
2020-10-08,TSLA,177459.99999999997,1.1999999999999997,-1.9056935612949932,0.028344987580007926
2020-10-09,TSLA,177459.99999999997,1.1999999999999997,-1.9056102279616598,0.02835039707382952
2020-10-12,TSLA,177459.99999999997,1.1999999999999997,-1.9056102279616598,0.02835039707382952
2020-10-13,TSLA,177459.99999999997,1.1999999999999997,-1.9056102279616598,0.02835039707382952
2020-10-14,TSLA,177459.99999999997,1.1999999999999997,-1.9055268946283264,0.028355807426751534
2020-10-15,TSLA,177459.99999999997,1.1999999999999997,-1.9055268946283264,0.028355807426751534
2020-10-16,TSLA,177459.99999999997,1.1999999999999997,-1.9055268946283264,0.028355807426751534
2020-10-19,TSLA,177459.99999999997,1.1999999999999997,-1.9054435612949931,0.028361218638872823
2020-10-20,TSLA,177459.99999999997,1.1999999999999997,-1.9054435612949931,0.028361218638872823
2020-10-21,TSLA,177459.99999999997,1.1999999999999997,-1.9054435612949931,0.028361218638872823
2020-10-22,TSLA,177459.99999999997,1.1999999999999997,-1.90536022796166,0.028366630710292298
2020-10-23,TSLA,177459.99999999997,1.1999999999999997,-1.90536022796166,0.028366630710292298
2020-10-26,TSLA,177459.99999999997,1.1999999999999997,-1.90536022796166,0.028366630710292298
2020-10-27,TSLA,177459.99999999997,1.1999999999999997,-1.9052768946283265,0.028372043641108794
2020-10-28,TSLA,177459.99999999997,1.1999999999999997,-1.9052768946283265,0.028372043641108794
2020-10-29,TSLA,177459.99999999997,1.1999999999999997,-1.9052768946283265,0.028372043641108794
2020-10-30,TSLA,177459.99999999997,1.1999999999999997,-1.905193561294993,0.028377457431421196
2020-11-02,TSLA,177459.99999999997,1.1999999999999997,-1.905193561294993,0.028377457431421196
2020-11-03,TSLA,177459.99999999997,1.1999999999999997,-1.9051102279616599,0.02838287208132837
2020-11-04,TSLA,177459.99999999997,1.1999999999999997,-1.9051102279616599,0.02838287208132837
2020-11-05,TSLA,177459.99999999997,1.1999999999999997,-1.9051102279616599,0.02838287208132837
2020-11-06,TSLA,177459.99999999997,1.1999999999999997,-1.9050268946283264,0.028388287590929196
2020-11-09,TSLA,177459.99999999997,1.1999999999999997,-1.9050268946283264,0.028388287590929196
2020-11-10,TSLA,177459.99999999997,1.1999999999999997,-1.9050268946283264,0.028388287590929196
2020-11-11,TSLA,177459.99999999997,1.1999999999999997,-1.9049435612949932,0.02839370396032255
2020-11-12,TSLA,177459.99999999997,1.1999999999999997,-1.9049435612949932,0.02839370396032255
2020-11-13,TSLA,177459.99999999997,1.1999999999999997,-1.9049435612949932,0.02839370396032255
2020-11-16,TSLA,177459.99999999997,1.1999999999999997,-1.9048602279616598,0.028399121189607312
2020-11-17,TSLA,177459.99999999997,1.1999999999999997,-1.9048602279616598,0.028399121189607312
2020-11-18,TSLA,177459.99999999997,1.1999999999999997,-1.9048602279616598,0.028399121189607312
2020-11-19,TSLA,177459.99999999997,1.1999999999999997,-1.9047768946283266,0.028404539278882368
2020-11-20,TSLA,177459.99999999997,1.1999999999999997,-1.9047768946283266,0.028404539278882368
2020-11-23,TSLA,177459.99999999997,1.1999999999999997,-1.9047768946283266,0.028404539278882368
2020-11-24,TSLA,177459.99999999997,1.1999999999999997,-1.9046935612949931,0.028409958228246657
2020-11-25,TSLA,177459.99999999997,1.1999999999999997,-1.9046935612949931,0.028409958228246657
2020-11-27,TSLA,177459.99999999997,1.1999999999999997,-1.90461022796166,0.028415378037799005
2020-11-30,TSLA,177459.99999999997,1.1999999999999997,-1.90461022796166,0.028415378037799005
2020-12-01,TSLA,177459.99999999997,1.1999999999999997,-1.90461022796166,0.028415378037799005
2020-12-02,TSLA,177459.99999999997,1.1999999999999997,-1.9045268946283265,0.02842079870763837
2020-12-03,TSLA,177459.99999999997,1.1999999999999997,-1.9045268946283265,0.02842079870763837
2020-12-04,TSLA,177459.99999999997,1.1999999999999997,-1.9045268946283265,0.02842079870763837
2020-12-07,TSLA,177459.99999999997,1.1999999999999997,-1.9044435612949933,0.028426220237863627
2020-12-08,TSLA,177459.99999999997,1.1999999999999997,-1.9044435612949933,0.028426220237863627
2020-12-09,TSLA,177459.99999999997,1.1999999999999997,-1.9044435612949933,0.028426220237863627
2020-12-10,TSLA,177459.99999999997,1.1999999999999997,-1.9043602279616598,0.028431642628573693
2020-12-11,TSLA,177459.99999999997,1.1999999999999997,-1.9043602279616598,0.028431642628573693
2020-12-14,TSLA,177459.99999999997,1.1999999999999997,-1.9042768946283262,0.028437065879867506
2020-12-15,TSLA,177459.99999999997,1.1999999999999997,-1.9042768946283262,0.028437065879867506
2020-12-16,TSLA,177459.99999999997,1.1999999999999997,-1.9042768946283262,0.028437065879867506
2020-12-17,TSLA,177459.99999999997,1.1999999999999997,-1.9041935612949932,0.028442489991843893
2020-12-18,TSLA,177459.99999999997,1.1999999999999997,-1.9041935612949932,0.028442489991843893
2020-12-21,TSLA,177459.99999999997,1.1999999999999997,-1.9041935612949932,0.028442489991843893
2020-12-22,TSLA,177459.99999999997,1.1999999999999997,-1.90411022796166,0.028447914964601837
2020-12-23,TSLA,177459.99999999997,1.1999999999999997,-1.90411022796166,0.028447914964601837
2020-12-24,TSLA,177459.99999999997,1.1999999999999997,-1.90411022796166,0.028447914964601837
2020-12-28,TSLA,177459.99999999997,1.1999999999999997,-1.9040268946283265,0.0284533407982403
2020-12-29,TSLA,177459.99999999997,1.1999999999999997,-1.9040268946283265,0.0284533407982403
2020-12-30,TSLA,177459.99999999997,1.1999999999999997,-1.9039435612949929,0.028458767492858167
2020-01-02,XOM,274907.6997841071,0.4395863916499229,-3.8053999993443703,7.078760321376932e-05
2020-01-03,XOM,273084.8705480691,0.4391702685790953,-3.794045801798351,7.410615795667474e-05
2020-01-06,XOM,274827.38194642705,0.43966124109292803,-3.803785248680179,7.12508646392565e-05
2020-01-07,XOM,272957.36951895425,0.4391363825360334,-3.793309005072632,7.43264898397472e-05
2020-01-08,XOM,269562.0446899748,0.43722541078464755,-3.7829464225999647,7.749139207953904e-05
2020-01-09,XOM,271262.0442819335,0.4383716404250892,-3.786251331762254,7.646849644108007e-05
2020-01-10,XOM,269264.5298371326,0.43784662405134445,-3.7744363048491154,8.018493765216581e-05
2020-01-13,XOM,271394.2310511769,0.43848143638428483,-3.786076481953551,7.652229386413514e-05
2020-01-14,XOM,269481.7170826008,0.43793267591248697,-3.7752213358536273,7.993282551237129e-05
2020-01-15,XOM,269099.21208767017,0.43780021981768097,-3.773251558452483,8.056683525962527e-05
2020-01-16,XOM,268253.8924364986,0.43751918573180776,-3.768536729117513,8.210366300705946e-05
2020-01-17,XOM,267403.88583440066,0.43722646204888305,-3.764093891727421,8.357703744377389e-05
2020-01-21,XOM,264263.56206939457,0.43547922717871196,-3.7535903294956623,8.715983720162107e-05
2020-01-22,XOM,262988.5389567047,0.4356024867878395,-3.741301961028287,9.153470222036799e-05
2020-01-23,XOM,261675.7132956942,0.43518720747340917,-3.7335582690018487,9.439674547642742e-05
2020-01-24,XOM,260230.70030871316,0.43466539770262386,-3.725822895561048,9.733953154844267e-05
2020-01-27,XOM,255130.7382006207,0.42806418801972207,-3.743694126012994,9.066719127377651e-05
2020-01-28,XOM,254837.92157066366,0.42790377635102067,-3.742340584889336,9.115709444856871e-05
2020-01-29,XOM,253095.45195060497,0.424560684403553,-3.7590045839099804,8.529535635358572e-05
2020-01-30,XOM,255305.44239391084,0.4270608500776516,-3.754862813378847,8.671822366978555e-05
2020-01-31,XOM,246725.23414924438,0.4121804593707517,-3.822388111575609,6.608272678140533e-05
2020-02-03,XOM,242220.15454592303,0.41596033804999477,-3.7395880005970286,9.216105641795648e-05
2020-02-04,XOM,239797.6620129778,0.411149591165543,-3.7637353437300383,8.369702076298219e-05
2020-02-05,XOM,248684.72771738577,0.4266990817974487,-3.696362853187175,0.00010935516083006533
2020-02-06,XOM,245922.28013681268,0.4212274562742069,-3.723366061423066,9.829208558146971e-05
2020-02-07,XOM,244604.79731995694,0.4186542486333356,-3.736001484077376,9.348478221284708e-05
2020-02-10,XOM,242527.02482222332,0.4145556347381458,-3.7562381916491243,8.62432677173147e-05
2020-02-11,XOM,244397.0144710629,0.41678992788832286,-3.752302378281025,8.76089717529266e-05
2020-02-12,XOM,246819.5060190393,0.4195460932760462,-3.7484143836240746,8.89780319193087e-05
2020-02-13,XOM,245719.21364661874,0.4174547850272671,-3.7583470875660834,8.551975724960198e-05
2020-02-14,XOM,244784.1922144173,0.4179755229925828,-3.7440229569666807,9.054854789042595e-05
2020-02-18,XOM,242281.488345494,0.40878495088849903,-3.8121080581118703,6.889330573075279e-05
2020-02-19,XOM,243768.98454177278,0.41007106058464027,-3.8137941280948393,6.842474019494303e-05
2020-02-20,XOM,242239.00590991447,0.4070156429487174,-3.8300217077242604,6.406597758006992e-05
2020-02-21,XOM,239863.72908255618,0.4023461773002529,-3.854428298503675,5.8000186149261004e-05
2020-02-24,XOM,230811.31844767008,0.3835583494924768,-3.96217894867055,3.71344200317043e-05
2020-02-25,XOM,223756.41077388058,0.3598049565075269,-4.1620131295552945,1.5772710421608033e-05
2020-02-26,XOM,219893.61361364918,0.34994196656098076,-4.239271235990779,1.1212329075301646e-05
2020-02-27,XOM,209481.11696523268,0.3394546824310341,-4.237984283046929,1.1276777669636705e-05
2020-02-28,XOM,214751.1326285672,0.3369711941432491,-4.345444998893921,6.949679849375191e-06
2020-03-02,XOM,222745.83220992563,0.3372841176763645,-4.449174263103012,4.3100527989498785e-06
2020-03-03,XOM,214288.32636405632,0.33268156433503376,-4.399007402588742,5.437355878883744e-06
2020-03-04,XOM,217948.02231306297,0.33264971591184656,-4.4500667375497525,4.292180464543156e-06
2020-03-05,XOM,210425.51831206866,0.32928295954113057,-4.392279742428601,5.6084121852004105e-06
2020-03-06,XOM,202520.51304830442,0.32586658325193824,-4.324258718083319,7.652280209222569e-06
2020-03-09,XOM,183527.70289657876,0.32059197600243344,-4.093242702350694,2.1269102866003356e-05
2020-03-10,XOM,188585.14883111184,0.3294530777473885,-4.056919774222207,2.4862076206024164e-05
2020-03-11,XOM,183910.09676859708,0.33308239235512577,-3.933740935840652,4.181696176175293e-05
2020-03-12,XOM,168232.3731023872,0.2981982876692691,-4.131713315168562,1.80034663339359e-05
2020-03-13,XOM,171334.86477088372,0.3033307504974565,-4.116957773424167,1.919531888874326e-05
2020-03-16,XOM,159477.39387702462,0.2786938399224906,-4.2492930640474205,1.0722310519244413e-05
2020-03-17,XOM,167047.08055112945,0.28836626339659543,-4.257720285783624,1.0326106121518161e-05
2020-03-18,XOM,155019.60047357017,0.2662871671527549,-4.353127101359105,6.710464360048431e-06
2020-03-19,XOM,159269.54380243117,0.29870481541696003,-3.9405808510850076,4.064227396965905e-05
2020-03-20,XOM,153786.4754700078,0.36865623690592597,-3.0342526263541436,0.0012056620878728836
2020-03-23,XOM,149573.3049381086,0.38293278013914545,-2.8345773830662684,0.0022943171684706256
2020-03-24,XOM,162574.11086860258,0.4181539544423191,-2.7614048265976865,0.0028776644079197577
2020-03-25,XOM,168614.83614847303,0.42606433663654825,-2.7876925487607824,0.002654244862001532
2020-03-26,XOM,173574.44317579552,0.4604547810276832,-2.609337701894444,0.004535883367636522
2020-03-27,XOM,167480.4223258233,0.47138627909893693,-2.462202975303989,0.006904324758596343
2020-03-30,XOM,169260.2253546361,0.4848119004386898,-2.4023766400411044,0.008144463741291658
2020-03-31,XOM,170775.7123517213,0.5003546336166618,-2.330264100799619,0.009896098450213548
2020-04-01,XOM,169312.85537341048,0.5107642560557362,-2.2556255467191657,0.012047045955853708
2020-04-02,XOM,178704.0188212688,0.5323472885299293,-2.2442470681032183,0.012408254579485039
2020-04-03,XOM,174767.79030838926,0.5408051555865874,-2.159572275212434,0.015402898315469022
2020-04-06,XOM,178875.59736331538,0.5563393732409294,-2.1257143272265764,0.016763526623086104
2020-04-07,XOM,181370.2212268146,0.5695714682713249,-2.0873926259614177,0.018426328999398854
2020-04-08,XOM,189863.20174848184,0.5882572401632916,-2.0804933562438963,0.018740152192662462
2020-04-09,XOM,187497.25678027954,0.5964571669391004,-2.0227242689903533,0.02155079165787005
2020-04-13,XOM,186287.9419396132,0.6036905012501398,-1.9804141139841664,0.02382850765335014
2020-04-14,XOM,185165.41079302254,0.6096907954185089,-1.9448757666562393,0.025894966152905916
2020-04-15,XOM,178795.60736971456,0.6098572746592892,-1.8867776829402758,0.029595117011511362
2020-04-16,XOM,174428.9474608109,0.6106393900416236,-1.8430877782308284,0.03265809773921713
2020-04-17,XOM,187744.38757335377,0.6207697209899915,-1.9213060523327272,0.027346567287969012
2020-04-20,XOM,181033.055713361,0.6326694765287231,-1.8158439760028549,0.03469715464623316
2020-04-21,XOM,180291.1413302598,0.6364700303150522,-1.794759596029508,0.036346005383264636
2020-04-22,XOM,184093.8748399605,0.6397333673366052,-1.81482041373756,0.03477575610959053
2020-04-23,XOM,188419.47711652488,0.6506652354081562,-1.8091835837481958,0.035211243567187495
2020-04-24,XOM,189312.95936151486,0.6520925711013232,-1.8110525332293965,0.03506636008003627
2020-04-27,XOM,190001.16788045023,0.6523782958220097,-1.8153826609726875,0.03473256190320209
2020-04-28,XOM,193380.44115490958,0.6524797968314511,-1.8420175731371233,0.032736289711433636
2020-04-29,XOM,201569.47379216066,0.6583163901192153,-1.8828767399445785,0.029858537052831514
2020-04-30,XOM,198367.41705900684,0.6452038418048816,-1.909414703458053,0.028104307751339312
2020-05-01,XOM,187459.53089413198,0.6341609979428536,-1.8646174287640551,0.031117524054421412
2020-05-04,XOM,193187.7374927771,0.6342198109554567,-1.9118447455593053,0.02794805529506382
2020-05-05,XOM,193023.50218408008,0.6335256858861076,-1.9131336460508122,0.027865472696229562
2020-05-06,XOM,190280.17514903625,0.6220174236824284,-1.9371314317978052,0.026364639649649017
2020-05-07,XOM,191118.02807557714,0.612476935374254,-1.984094200198661,0.023622669786066093
2020-05-08,XOM,197488.46529799592,0.6100771923724373,-2.0478848456461227,0.020285642049551786
2020-05-11,XOM,196099.2814022394,0.6017743268345646,-2.072769792742595,0.01909685447177314
2020-05-12,XOM,193603.32563925677,0.5920903041635822,-2.0947997761468544,0.018094397516800486
2020-05-13,XOM,186340.73892097236,0.5791392735601475,-2.088548613035549,0.01837418751552393
2020-05-14,XOM,187546.29501944227,0.5736647064906919,-2.125222030138637,0.016784045317322045
2020-05-15,XOM,186580.099334707,0.566015191446399,-2.1525195825960344,0.015678227318969014
2020-05-18,XOM,197702.7274455796,0.5698525056339456,-2.2356369805467695,0.012687780074860334
2020-05-19,XOM,193071.701833507,0.5612471258343135,-2.2363539237493684,0.012664298399535402
2020-05-20,XOM,197844.1508181362,0.5605548053689715,-2.2833690741455523,0.011204318673733464
2020-05-21,XOM,195135.70815900742,0.5510428133655816,-2.307181732614432,0.010522345511489065
2020-05-22,XOM,195263.49208762945,0.5510334360164622,-2.3084183811138175,0.010487938809608341
2020-05-26,XOM,199658.44945110878,0.5475567700783872,-2.367030716643082,0.008965722257531434
2020-05-27,XOM,200765.20238483237,0.5477242789914979,-2.3762318617339315,0.008745234203645463
2020-05-28,XOM,196782.66783957175,0.5342025513593679,-2.41237798804845,0.007924420550110096
2020-05-29,XOM,198231.75709742497,0.5323469402117869,-2.436427927776822,0.0074165625243055675
2020-06-01,XOM,200917.43488110355,0.5274097580802137,-2.489711753596003,0.006392336738736936
2020-06-02,XOM,204372.6146539438,0.5223238532980135,-2.551517618940065,0.00536274505035
2020-06-03,XOM,210797.94165538033,0.519566492008362,-2.6274021738196596,0.004301978863272271
2020-06-04,XOM,210331.09247309656,0.5178155747030775,-2.6337585234335084,0.004222276082237683
2020-06-05,XOM,223562.92090630793,0.5158239051467657,-2.7640062492911794,0.002854822288916217
2020-06-08,XOM,229089.4217446683,0.5188979009789866,-2.7916274953659834,0.002622184612977286
2020-06-09,XOM,225054.07645948356,0.5079975258587706,-2.8275624290866594,0.0023451934521699076
2020-06-10,XOM,215495.98320462392,0.4967115743368859,-2.815649758020167,0.0024339351664440564
2020-06-11,XOM,200616.25139263913,0.48814662160645944,-2.7271213470106614,0.0031944769334360046
2020-06-12,XOM,203932.34927977493,0.4903658115532965,-2.745998435355565,0.003016352566685363
2020-06-15,XOM,203809.64971980365,0.48993733050531735,-2.747396124144821,0.0030035266955594163
2020-06-16,XOM,207337.9654452122,0.4928905706521755,-2.7628127157222124,0.0028652818808788958
2020-06-17,XOM,202113.54323883212,0.4776981493957107,-2.81268961087126,0.0024564524403827793
2020-06-18,XOM,203095.91451334755,0.4785635093364922,-2.8166618607361653,0.0024262792377989523
2020-06-19,XOM,199952.37556869147,0.4699220969012191,-2.8439832569057057,0.00222766945236308
2020-06-22,XOM,201439.95940449214,0.4717364024724256,-2.846946924598115,0.002207036052029742
2020-06-23,XOM,202379.8653927009,0.4723830686450889,-2.852046165524164,0.002171939571002096
2020-06-24,XOM,195068.81986953193,0.4652034020586863,-2.8242056236706192,0.0023698983004981486
2020-06-25,XOM,197279.59531048397,0.46608102564862813,-2.8421903105128083,0.002240236859920263
2020-06-26,XOM,192143.982260287,0.45164959533922805,-2.889045139755598,0.0019320680000885163
2020-06-29,XOM,194481.15858010168,0.456115330098257,-2.8828222853929346,0.0019706486393062123
2020-06-30,XOM,195798.8930894982,0.4571836537536915,-2.8897891853990325,0.0019275012662726481
2020-07-01,XOM,192447.3789196547,0.44773939848608213,-2.9215035090086867,0.0017417317577447947
2020-07-02,XOM,193680.08060219866,0.4487229705913208,-2.928346465238614,0.001703850433298024
2020-07-06,XOM,194705.76374616797,0.4461847378007965,-2.9591640891166953,0.0015423739976888134
2020-07-07,XOM,190881.9310800111,0.4355482047346058,-2.9966572923237287,0.0013647869066416493
2020-07-08,XOM,190546.6565046762,0.43495482274403124,-2.9970675383152847,0.0013629515729491027
2020-07-09,XOM,184640.6173884189,0.41892618245524793,-3.0529161356443435,0.0011331463238534155
2020-07-10,XOM,188933.04151033945,0.42552163156938216,-3.053060048877973,0.0011326030251967813
2020-07-13,XOM,188980.16987863934,0.4259940101935326,-3.049553179178747,0.0011459102724598812
2020-07-14,XOM,193655.5341581188,0.4304328532253746,-3.0704661630892955,0.0010686245093924796
2020-07-15,XOM,195525.76213611872,0.4316151577328691,-3.0831425832048938,0.001024134954413401
2020-07-16,XOM,194340.77727490338,0.42802917516593564,-3.098138023497832,0.0009737035390088114
2020-07-17,XOM,191833.7081734314,0.42171842411500937,-3.1200686330023872,0.0009040445318753742
2020-07-20,XOM,188434.28088488596,0.412845459004643,-3.1527859562379565,0.0008086016997259011
2020-07-21,XOM,195579.35970047276,0.4195501417395231,-3.184219676228447,0.0007257240845024751
2020-07-22,XOM,192137.3408859864,0.4106410041125834,-3.2190700666425207,0.0006430352810817218
2020-07-23,XOM,192434.8896758948,0.41057626324701935,-3.2234113214563447,0.0006333675684553241
2020-07-24,XOM,191547.38484997296,0.40653938233010395,-3.2478595908737375,0.0005813831727698136
2020-07-27,XOM,193672.51320821705,0.40796500361411664,-3.262131973854064,0.0005528882529415972
2020-07-28,XOM,191930.60410763897,0.3986251776150254,-3.3253484131385997,0.0004415405283289625
2020-07-29,XOM,193550.4103780365,0.3993038234762772,-3.3398151866865367,0.0004191707987784869
2020-07-30,XOM,186368.53340793293,0.37969420186587566,-3.4328335121278672,0.00029865437764630434
2020-07-31,XOM,187048.68703499506,0.37753636450951394,-3.464267178760249,0.000265839077114137
2020-08-03,XOM,187648.55652849266,0.37465236792091244,-3.5021088756402077,0.00023079547641432555
2020-08-04,XOM,191686.22886242988,0.3752970288700629,-3.5521747475719505,0.00019103051784991791
2020-08-05,XOM,192961.35784241167,0.3727586821665579,-3.5966973948047745,0.00016114151814427752
2020-08-06,XOM,192243.68360514354,0.36750374412517633,-3.643007782490486,0.0001347353437513605
2020-08-07,XOM,191606.2798258626,0.3624415481615115,-3.6898238012578326,0.00011220471426304424
2020-08-10,XOM,195133.86860273732,0.3620436215175155,-3.744666952665651,9.031661467912285e-05
2020-08-11,XOM,196668.6518314381,0.35901134133430884,-3.800884155200175,7.209035070603577e-05
2020-08-12,XOM,196668.69712984306,0.3552827797346363,-3.8445218059225903,6.039387234644554e-05
2020-08-13,XOM,192976.00428441618,0.3411566191057627,-3.9622759874490145,3.7119325928159754e-05
2020-08-14,XOM,193656.06426572707,0.33139780271352154,-4.099472616604127,2.0704632957547442e-05
2020-08-17,XOM,191743.56891136922,0.32598391595132814,-4.142569084336372,1.7171843375350387e-05
2020-08-18,XOM,191025.79214990773,0.321743635584466,-4.189465064553674,1.398064118954908e-05
2020-08-19,XOM,189453.29850346377,0.3174380975887526,-4.224583733720113,1.1969141801921235e-05
2020-08-20,XOM,187285.80458524032,0.3123721624091196,-4.261366860752723,1.0159019200931388e-05
2020-08-21,XOM,186228.02417430351,0.3075741989571239,-4.31393682576032,8.018639573787952e-06
2020-08-24,XOM,190308.0340341901,0.3059743769546931,-4.408926633240283,5.1942103736269725e-06
2020-08-25,XOM,185760.5338963623,0.299768853354585,-4.425784876168102,4.804612529858729e-06
2020-08-26,XOM,182832.74772054472,0.29533038880758716,-4.442639723785581,4.44309451923424e-06
2020-08-27,XOM,181897.75001455707,0.29174454369288527,-4.48327844740308,3.6752456941923577e-06
2020-08-28,XOM,185127.75355509212,0.2906372210413943,-4.562030605749304,2.53306300510897e-06
2020-08-31,XOM,182582.46695450885,0.28682958417778204,-4.577809124693498,2.349355665210971e-06
2020-09-01,XOM,180882.4683052066,0.28217029510459196,-4.624945315185773,1.873486221244666e-06
2020-09-02,XOM,180074.96963314418,0.27784221713406015,-4.685248609576949,1.3981015702198944e-06
2020-09-03,XOM,179782.18429671985,0.27392470960310317,-4.7498942600025265,1.0176151962353679e-06
2020-09-04,XOM,179697.18508487276,0.27045628913530806,-4.812550594833851,7.450806519823487e-07
2020-09-08,XOM,176641.89946221188,0.26550343997929143,-4.842359956940692,6.415303032900605e-07
2020-09-09,XOM,175876.89985771786,0.2618066926844905,-4.897879731637574,4.843814801425517e-07
2020-09-10,XOM,172646.89997512344,0.2572112510135986,-4.917959060888589,4.372559766377671e-07
2020-09-11,XOM,172311.61497113472,0.2531412224948655,-4.9930590089001905,2.971519488821955e-07
2020-09-14,XOM,171504.1151752277,0.24902074219140258,-5.060969353704202,2.0856513314609555e-07
2020-09-15,XOM,170186.615298801,0.24478754916396386,-5.121256585055846,1.5175316746625245e-07
2020-09-16,XOM,175376.33061500854,0.24441136665143975,-5.252007847840379,7.52250252313899e-08
2020-09-17,XOM,175376.33065111208,0.24191402980911178,-5.308735818831849,5.519409805526882e-08
2020-09-18,XOM,173293.83066243966,0.238425972899914,-5.339812006751548,4.6521506229642027e-08
2020-09-21,XOM,170706.04629159774,0.23486125573438416,-5.359964074385994,4.161925161108987e-08
2020-09-22,XOM,167646.04630081743,0.2308519511463261,-5.378743042536358,3.750383685496668e-08
2020-09-23,XOM,163825.76239799484,0.22664762602154814,-5.380614988314589,3.711590230418662e-08
2020-09-24,XOM,163570.7624110347,0.2243100177768278,-5.432093325775607,2.7848389349792063e-08
2020-09-25,XOM,164633.26242658574,0.22289471508977624,-5.497053031794078,1.9309529468709094e-08
2020-09-28,XOM,166932.97900010596,0.222527981167132,-5.568368521528581,1.2856777185149543e-08
2020-09-29,XOM,163447.97899694662,0.21978472725501866,-5.544638468147604,1.4728107614482347e-08
2020-09-30,XOM,163617.9790018852,0.2186984384816336,-5.578021349313596,1.2163490209497971e-08
2020-10-01,XOM,159542.6960292801,0.21608206186698364,-5.531003278243996,1.5920218710946235e-08
2020-10-02,XOM,159032.69603096196,0.2151319299936016,-5.541500469308712,1.499453859273761e-08
2020-10-05,XOM,161625.1960361074,0.21642957671446747,-5.581695143880075,1.1909280311933855e-08
2020-10-06,XOM,160439.91354128835,0.21527633441911673,-5.578097115763541,1.2158194721097264e-08
2020-10-07,XOM,160779.91354439777,0.2144406929827765,-5.6105432192663764,1.0084624573579519e-08
2020-10-08,XOM,166772.41355027448,0.21812001542743426,-5.68002283075166,6.73383820240638e-09
2020-10-09,XOM,164992.13152308163,0.21846659680807928,-5.621082234929171,9.488245508835823e-09
2020-10-12,XOM,164652.13152129675,0.21868890993713447,-5.605713080636096,1.0369964559082136e-08
2020-10-13,XOM,163249.63151802664,0.21828001460625254,-5.5774330919728925,1.2204681073794078e-08
2020-10-14,XOM,162999.349966171,0.21831941104754,-5.568901421026584,1.2817523022024797e-08
2020-10-15,XOM,164019.34996701332,0.2191165121211225,-5.576317009964375,1.2283203600230458e-08
2020-10-16,XOM,162829.34996327467,0.21889081419913242,-5.549026248552648,1.4363252592855115e-08
2020-10-19,XOM,160539.06887711826,0.2180907705569951,-5.504773474619764,1.848216245578582e-08
2020-10-20,XOM,161474.06887878588,0.2187626374353545,-5.513742118416591,1.7564160599936664e-08
2020-10-21,XOM,159646.56887097226,0.2182060276367331,-5.476201795308008,2.1727605606672513e-08
2020-10-22,XOM,165431.28827260475,0.2226986686072831,-5.5206586522275,1.688656497433228e-08
2020-10-23,XOM,163051.28825204045,0.22363218409207378,-5.431883069055142,2.7881229552309068e-08
2020-10-26,XOM,160331.2882236029,0.2241151307551958,-5.344633243727893,4.530015484597787e-08
2020-10-27,XOM,158508.50804789484,0.2249058013564441,-5.273771070804025,6.682430340432618e-08
2020-10-28,XOM,154258.5079666106,0.2236360485007796,-5.183457824067632,1.0890474994737202e-07
2020-10-29,XOM,159018.50798287266,0.22844617852645743,-5.202588747414211,9.826572746273515e-08
2020-10-30,XOM,157833.22822733744,0.2302301246852399,-5.127568569336353,1.467540473563171e-07
2020-11-02,XOM,162508.2282148596,0.23574139857469015,-5.126067748985526,1.4792809116724391e-07
2020-11-03,XOM,160515.4488728536,0.23755299223463594,-5.0328106477224015,2.4167024067570427e-07
2020-11-04,XOM,159920.4486743481,0.23919040304152134,-4.9811999326932845,3.15956054390571e-07
2020-11-05,XOM,159707.94850500842,0.24089084583733092,-4.938823514442339,3.9297651315709647e-07
2020-11-06,XOM,158395.16954771642,0.2418223773849619,-4.884323417400807,5.189230205942202e-07
2020-11-09,XOM,172462.66942146778,0.25856300871664606,-4.880969414788171,5.278280761952293e-07
2020-11-10,XOM,175267.66804852572,0.26952083539537086,-4.731650312078774,1.1135090888723048e-06
2020-11-11,XOM,173954.88726974683,0.277136306690996,-4.566628220174304,2.478159589403785e-06
2020-11-12,XOM,169577.37752689977,0.28213528700073925,-4.39042534700001,5.6564575078357506e-06
2020-11-13,XOM,172552.371379024,0.2905362439173579,-4.315055049076188,7.97815680400397e-06
2020-11-16,XOM,179782.0875467237,0.30214656745952223,-4.27336963538422,9.627043777217055e-06
2020-11-17,XOM,181567.0734453804,0.3104507657545536,-4.182692357499798,1.4403854775969833e-05
2020-11-18,XOM,176467.0347238199,0.314863158158931,-4.029208873596407,2.798243811229249e-05
2020-11-19,XOM,177151.719711689,0.32066448049094126,-3.962329817859598,3.7110955264586605e-05
2020-11-20,XOM,175536.73220218293,0.3170451541350984,-3.982316834478171,3.412335845593624e-05
2020-11-23,XOM,183951.68290916205,0.33470816935341047,-3.894864895655421,4.9126739464188955e-05
2020-11-24,XOM,193051.37090301802,0.3480489726673066,-3.8709266059216585,5.421121749446917e-05
2020-11-25,XOM,188971.35073042064,0.34574624719656444,-3.8372359652322166,6.221345049817004e-05
2020-11-27,XOM,186851.09575659278,0.3410065109259844,-3.86196159315369,5.624012607384805e-05
2020-11-30,XOM,179668.56341639507,0.33552241361420193,-3.813786770935489,6.842677824164428e-05
2020-12-01,XOM,180985.932282686,0.34549070749469546,-3.7150699335857067,0.00010157375141556459
2020-12-02,XOM,185963.0430839385,0.3571559007471175,-3.6579335175508914,0.0001271284867229546
2020-12-03,XOM,186897.85018437487,0.3655559856404432,-3.579291332002514,0.000172263610544654
2020-12-04,XOM,192040.21214579113,0.3760981476842104,-3.5407370028037364,0.00019950554659714704
2020-12-07,XOM,189324.91112526518,0.37316975442507677,-3.5330343504711057,0.0002054095447950077
2020-12-08,XOM,193957.38200113812,0.3796112840347898,-3.530376718455639,0.00020748417648193854
2020-12-09,XOM,195912.32900227228,0.3834407516981576,-3.5174628552842364,0.0002178466622841139
2020-12-10,XOM,200124.51938708426,0.3894444240913456,-3.5116462159974215,0.00022267020475127993
2020-12-11,XOM,199401.98414138216,0.3894532132643369,-3.502270894422625,0.00023065516532388202
2020-12-14,XOM,193924.27793412152,0.38097929232695876,-3.5153614054705917,0.00021957795643967674
2020-12-15,XOM,196771.7158945426,0.38607080933459753,-3.501698742364076,0.00023115101502455264
2020-12-16,XOM,199066.64603142985,0.39054781847526815,-3.486796130560193,0.00024442192455847306
2020-12-17,XOM,198306.31952629154,0.39078554662594833,-3.474388937123897,0.00025600913869733055
2020-12-18,XOM,195670.09393046534,0.4068340110437481,-3.2887069478553204,0.0005032438024523496
2020-12-21,XOM,192992.70073329716,0.4020909271802225,-3.298006669221499,0.0004868691078454109
2020-12-22,XOM,190532.37026945004,0.3994465668022244,-3.290122335112398,0.000500719167706257
2020-12-23,XOM,192359.83454763851,0.4022865372234283,-3.2877940300541684,0.0005048784251527453
2020-12-24,XOM,191764.8320917761,0.4015244022839809,-3.2870819464730614,0.0005061568550783274
2020-12-28,XOM,192236.87069435787,0.40431102079501013,-3.2674829342763108,0.0005425420407995845
2020-12-29,XOM,190621.94230418233,0.40133119797854583,-3.273713821459522,0.0005307202526183395
2020-12-30,XOM,191774.1574847058,0.4029595088932628,-3.2735670774597283,0.0005309959063352009
2020-01-02,F,164729.09779701562,0.09857939052724236,-1.8207282009788082,0.03432409157119467
2020-01-03,F,164109.8126597883,0.09668456007403622,-1.8183334787576066,0.034506589404496024
2020-01-06,F,163950.46029915786,0.09631424451870087,-1.8156091684240239,0.03471517309824863
2020-01-07,F,164234.91730852646,0.09643476834280294,-1.831195611938069,0.03353567572660197
2020-01-08,F,164242.09919765365,0.09703919716046688,-1.818607197744088,0.034485689464838466
2020-01-09,F,164282.59801658362,0.09706990880989258,-1.8205410255099297,0.0343383272696537
2020-01-10,F,164243.06246251767,0.0969495001663278,-1.8204399930814346,0.03434601334396181
2020-01-13,F,164216.69976192582,0.09686959729402024,-1.819332097162707,0.034430389673212505
2020-01-14,F,164379.2154116388,0.09694056424065375,-1.8281329800923338,0.033764798175468194
2020-01-15,F,164096.70378919502,0.09663701063053379,-1.8163795179558937,0.03465608744472856
2020-01-16,F,164031.0852616378,0.09641026076877506,-1.8156928002927224,0.034708754550588534
2020-01-17,F,163991.5532825805,0.0962892850211186,-1.8155918416233063,0.034716503011009966
2020-01-21,F,164167.67126629286,0.09636492318636657,-1.8241920160648135,0.03406152409784737
2020-01-22,F,164006.3321974414,0.09618112905242188,-1.817638931565977,0.034559668581389806
2020-01-23,F,163979.97192639948,0.09610095402684643,-1.816522369145006,0.034645139870430476
2020-01-24,F,163545.01000500546,0.09477830404910191,-1.8151803059875218,0.03474810259010096
2020-01-27,F,163227.19433891567,0.09394990027589734,-1.8113132600264412,0.03504618712525282
2020-01-28,F,163484.6765021913,0.09405928634552412,-1.8247918694952112,0.03401622163403612
2020-01-29,F,163606.48965140528,0.09411868987506523,-1.831494455739066,0.0335133872412926
2020-01-30,F,163566.91649923893,0.09400143913793974,-1.8313227917805266,0.033526188858822546
2020-01-31,F,163492.98796460708,0.09455293403562726,-1.814252585971876,0.03481942379159398
2020-02-03,F,163968.03890808544,0.09594566330958668,-1.8167748740266918,0.034625795799750926
2020-02-04,F,164601.40125963802,0.09779857113879441,-1.819939191320015,0.034384132874074526
2020-02-05,F,162001.27007097437,0.09020050786365932,-1.8035268823999393,0.035652753744065485
2020-02-06,F,161803.65352844365,0.08958282176064675,-1.8029569971275305,0.035697484253867505
2020-02-07,F,161368.55648745166,0.08825163879640141,-1.800982704102984,0.03585280305893557
2020-02-10,F,161263.17053318376,0.08791881433740226,-1.7995659257063397,0.035964602737780293
2020-02-11,F,161385.27021467424,0.08797246169625515,-1.8070182462651887,0.03537971715022515
2020-02-12,F,161778.76914039018,0.08936731585422686,-1.8046804988882224,0.03556234657321212
2020-02-13,F,161832.96046309193,0.08939623227858592,-1.8066956417990305,0.03540487380533847
2020-02-14,F,161417.33355570628,0.08623593021710088,-1.8463041826866722,0.0324240253885541
2020-02-18,F,161332.11456014475,0.08384889627301818,-1.8937956657450423,0.029126068594461957
2020-02-19,F,161149.74366314174,0.08152876530195188,-1.9361691375926642,0.02642349452304703
2020-02-20,F,161243.7097911774,0.07995586404418795,-1.9831366850669006,0.023676081922336
2020-02-21,F,160873.5173219262,0.07719189724102538,-2.0258873279316068,0.021388166056766238
2020-02-24,F,159881.10292630584,0.07466288250337974,-2.0142015099089283,0.021994190619866225
2020-02-25,F,158888.48526389227,0.07213209224745999,-2.001106763378822,0.022690442821958312
2020-02-26,F,158849.75732162158,0.06787120354648254,-2.126063878644553,0.016748970526499443
2020-02-27,F,158134.4106409295,0.06622260298079087,-2.1125050991300665,0.017321574532633548
2020-02-28,F,158094.70715758463,0.06612402739682686,-2.111955506051587,0.01734513290405944
2020-03-02,F,158838.47424776354,0.06496032511949844,-2.2216762283951637,0.013152597086543608
2020-03-03,F,158162.702859333,0.0635188460832418,-2.206429843348339,0.013676958697823316
2020-03-04,F,158496.94400181074,0.06365705848546903,-2.2330930241216422,0.012771405270451923
2020-03-05,F,157470.7442434103,0.059825859204188946,-2.2714768608593485,0.011559063087849285
2020-03-06,F,156715.1021209747,0.05833189591719053,-2.2487036470874857,0.012265678498877455
2020-03-09,F,154986.21836866805,0.05313457755867847,-2.263450552860805,0.011803964731981899
2020-03-10,F,156060.3821530271,0.05515513368660127,-2.3037725768269333,0.010617706643199137
2020-03-11,F,154985.84506286608,0.05322165430098645,-2.2596150253506715,0.011922577123967508
2020-03-12,F,153327.06503736318,0.05017137592538783,-2.183668788989128,0.014493297400697564
2020-03-13,F,154156.38503477612,0.05311469558518688,-2.161358906182975,0.015333812933717059
2020-03-16,F,152283.53692817807,0.04947316759440462,-2.0771520597099777,0.018893763476536617
2020-03-17,F,152287.9315484314,0.05082989238905082,-2.018971574582502,0.02174508701962758
2020-03-18,F,150731.70753033512,0.04758243125721736,-1.9442548486379976,0.025932363263744353
2020-03-19,F,150642.80778000332,0.048427805331714,-1.8972949071275478,0.02889451339228216
2020-03-20,F,150256.77794023813,0.04757415273412765,-1.8761650969870851,0.0303163065750589
2020-03-23,F,149254.62770498553,0.04560079587928914,-1.812621286670225,0.03494512617209768
2020-03-24,F,152043.9798060495,0.05978526852429423,-1.6797718658606369,0.04650085552384205
2020-03-25,F,153279.4985540922,0.06951812191555903,-1.5505250512266948,0.06050777276501842
2020-03-26,F,152757.82803248343,0.07252881563344687,-1.4362093194336176,0.07547139397844706
2020-03-27,F,152504.42171325412,0.07618431929074275,-1.341936209035475,0.08980834004151467
2020-03-30,F,151948.54795146172,0.07809858905731844,-1.2591162145831811,0.1039941792938957
2020-03-31,F,151222.95528128438,0.07887628940768915,-1.1852417304827432,0.11796094240301591
2020-04-01,F,149879.8263132104,0.0762251508757649,-1.1121212447672395,0.13304301173304056
2020-04-02,F,149666.751431324,0.0788347029621333,-1.0534274693255958,0.14607256001872665
2020-04-03,F,149212.47862237963,0.07994469721151903,-0.9996745004320988,0.15873402811612786
2020-04-06,F,149910.17494687618,0.08807231753046062,-0.9526358364690091,0.17038730668366708
2020-04-07,F,150269.35255341523,0.09435509537494799,-0.907432253902871,0.18208912975768943
2020-04-08,F,151037.8424028644,0.10377978300276436,-0.865180331662331,0.1934699094380396
2020-04-09,F,151779.60174316884,0.11360911613742528,-0.8240438708945901,0.20495731545410406
2020-04-13,F,151052.092533784,0.11390629252716088,-0.7785379427666589,0.21812597367601888
2020-04-14,F,151211.60286970664,0.11972576362016289,-0.7429979883375265,0.22874144917676947
2020-04-15,F,150340.90836996888,0.11836245259255447,-0.7041382830431084,0.2406733305540245
2020-04-16,F,149917.71408674662,0.1196680416918141,-0.6716018828793084,0.2509185896430779
2020-04-17,F,150221.34081397802,0.12621130179814033,-0.6456481771194632,0.2592536146248272
2020-04-20,F,149699.762784193,0.12637993994567012,-0.6170970934257356,0.2685853428617562
2020-04-21,F,149233.5858985371,0.12028302358691416,-0.6286980095825604,0.2647733907272676
2020-04-22,F,148910.82196410344,0.12591063333943342,-0.5771061755404642,0.2819338664115407
2020-04-23,F,149115.38903199305,0.1302546247069063,-0.5641275863062895,0.28633365256769083
2020-04-24,F,149087.94404283873,0.12984930591106386,-0.5648768783850431,0.2860787557233081
2020-04-27,F,149714.24655489967,0.138588262238891,-0.5503210100139679,0.2910496080963326
2020-04-28,F,150240.26419229968,0.14363743543182475,-0.5504334483707416,0.2910110560550217
2020-04-29,F,149904.26647846456,0.14144110809735333,-0.5453648219921003,0.29275131485219863
2020-04-30,F,149554.5532684805,0.13629534953986658,-0.553327399491625,0.29001962120212654
2020-05-01,F,149197.55879264665,0.13104296004689653,-0.5626256331712893,0.2868449167413647
2020-05-04,F,148945.87645717818,0.13169958851442604,-0.5463459385713796,0.2924140819890716
2020-05-05,F,149273.23212243285,0.13341829763735719,-0.5533057377258975,0.290027036392228
2020-05-06,F,149268.63851262463,0.1275339161017247,-0.5846139555258543,0.2794036609311037
2020-05-07,F,149514.39819444707,0.12341111257929169,-0.6216658745758589,0.2670807976285179
2020-05-08,F,150724.09255975662,0.12744786179232206,-0.6604458900690798,0.25448386574223225
2020-05-11,F,150550.68258278767,0.12148501841458603,-0.6894958447572497,0.24525564361152663
2020-05-12,F,150238.69051427918,0.11800780504451305,-0.6957616897267545,0.24328904243466626
2020-05-13,F,149793.92851736292,0.10787827607975828,-0.7432878310690259,0.22865371870937162
2020-05-14,F,150420.7120363328,0.10811754082390204,-0.7800246332266492,0.21768818797287803
2020-05-15,F,150589.32447720628,0.1056655304390435,-0.8112083016266013,0.20862302951533063
2020-05-18,F,151860.28147937646,0.11061209663119986,-0.8451725771136951,0.1990072454847916
2020-05-19,F,151825.93663822787,0.11032068822902524,-0.8456466029589975,0.19887495969943753
2020-05-20,F,152600.930161442,0.10888602119169717,-0.9049927784287298,0.18273460650430284
2020-05-21,F,153097.08594074263,0.10853296354349569,-0.9372774388223446,0.17430793252100085
2020-05-22,F,153188.7211060076,0.10856857471139704,-0.9424457909583674,0.17298222630412646
2020-05-26,F,153923.30140288317,0.10667752751525089,-1.0049662939431976,0.15745654016770533
2020-05-27,F,154586.18828709007,0.10724374711391789,-1.0391665485389237,0.14936364251962125
2020-05-28,F,154080.3120449226,0.10405186755287715,-1.0418218494488556,0.14874714107471432
2020-05-29,F,153802.77090702564,0.09783304375444712,-1.0960341033193555,0.13653192519212326
2020-06-01,F,154332.93405784166,0.0980427779570473,-1.128577941885709,0.12953796008948787
2020-06-02,F,154478.1673048876,0.09810209539263846,-1.1364048321819453,0.12789358718942273
2020-06-03,F,155440.1027438849,0.0984870569475515,-1.1946092299994133,0.11611987067428331
2020-06-04,F,156575.48984034496,0.10167656870804612,-1.2255736749436412,0.11017957468636119
2020-06-05,F,158912.6028416288,0.110557274750076,-1.2517119262332561,0.10533742637513815
2020-06-08,F,159484.42070005005,0.11187491302013901,-1.2677656776109651,0.10244082126978682
2020-06-09,F,158639.0115728446,0.107839222170705,-1.270034531849557,0.10203616495470313
2020-06-10,F,157430.96106025216,0.10162503424351856,-1.277895040989525,0.1006432184201399
2020-06-11,F,155400.87741524112,0.09312057523358135,-1.2641169197126338,0.1030940322704112
2020-06-12,F,156368.0613155174,0.09755514529112928,-1.2659201476906183,0.10277083616977062
2020-06-15,F,156510.2445090905,0.0976148599540446,-1.2733724043459755,0.10144296246707041
2020-06-16,F,156681.77164246087,0.09768699955491561,-1.283572769759652,0.09964574128537829
2020-06-17,F,156026.31301489772,0.09459753704948719,-1.2843172706335495,0.09951548315496861
2020-06-18,F,155992.65908955218,0.09635702498914724,-1.255845562967935,0.10458598426967841
2020-06-19,F,155715.8141348046,0.09533440990225896,-1.2517122446416569,0.1053373683425492
2020-06-22,F,155844.97268714386,0.09538858254491746,-1.2596391063582073,0.10389979072825184
2020-06-23,F,155510.7144489056,0.09377444676570164,-1.2589862643238976,0.104017646599739
2020-06-24,F,154895.16611065253,0.09079617684020337,-1.2596290167413307,0.10390161144336885
2020-06-25,F,155168.35707312083,0.09195762194898957,-1.2617282716649054,0.10352329007492544
2020-06-26,F,154795.47297357643,0.09015580788814004,-1.260968268023961,0.10366014001205637
2020-06-29,F,155121.04667279145,0.09098772554375348,-1.2717023755222951,0.10173944313023536
2020-06-30,F,155332.9090555639,0.09118380233845634,-1.283740089217242,0.09961645616770087
2020-07-01,F,155089.01249178083,0.08942593337823881,-1.292059858746061,0.09816820788010255
2020-07-02,F,155300.23058287302,0.08962616779745246,-1.3041584194485325,0.09608978687788211
2020-07-06,F,155757.81306543242,0.09085028335329924,-1.3166537356551968,0.0939773589581126
2020-07-07,F,155536.99139829376,0.08933175357395513,-1.3246850722561985,0.09263781316709252
2020-07-08,F,155486.51170085522,0.08843444054717084,-1.3342267098391076,0.09106478422992909
2020-07-09,F,154748.8126175296,0.08515732333405374,-1.3330654455312998,0.09125516387135851
2020-07-10,F,155547.15069319325,0.08770307848377375,-1.3505332311137117,0.08842250083560449
2020-07-13,F,155452.97941637345,0.08681906482235252,-1.3570459363081444,0.08738330754048468
2020-07-14,F,156359.04434745663,0.09020687827367892,-1.3671819970997936,0.08578413339033242
2020-07-15,F,157456.05566507007,0.09455214131879194,-1.374049107296855,0.08471321876434379
2020-07-16,F,157865.37360445937,0.09592154438721083,-1.3790964785442277,0.08393250472862351
2020-07-17,F,157678.7082112551,0.09474520742905483,-1.384915164970474,0.08303920468453346
2020-07-20,F,157277.00508253145,0.09173636002200217,-1.4055906051432006,0.07992286369778084
2020-07-21,F,157374.8381502922,0.09177448108938298,-1.4106548585831986,0.07917320374081616
2020-07-22,F,157893.94153222415,0.09128605969411469,-1.4547665986244025,0.07286694403191166
2020-07-23,F,158354.45402433714,0.09147399572155179,-1.4834279916714004,0.06898036748661168
2020-07-24,F,158092.37276277167,0.08825334719915619,-1.5209406662487635,0.06413736382159158
2020-07-27,F,158258.86987721155,0.08832108403896449,-1.5316244717932308,0.06280756503274205
2020-07-28,F,158508.25297373315,0.08842392452976061,-1.5475472063868934,0.06086567527450784
2020-07-29,F,158323.34068763143,0.08266943761596385,-1.64589501629762,0.04989268759802863
2020-07-30,F,157770.27019444053,0.08083662548120484,-1.6417761064913228,0.05031820625355023
2020-07-31,F,157462.92397324095,0.0762039188101853,-1.7207702968243943,0.04264625720491596
2020-08-03,F,157722.16895803454,0.07631325762371817,-1.7384415205968233,0.04106652298129073
2020-08-04,F,158263.606093225,0.07564152045622918,-1.7998600050958864,0.03594137312542716
2020-08-05,F,158548.67206852933,0.07576208976126297,-1.8206283668882073,0.03433168388561499
2020-08-06,F,158503.96644838728,0.07349968095600688,-1.8737693276386262,0.030481112856800913
2020-08-07,F,158318.81221854236,0.07154629174548911,-1.9105713376939728,0.028029845337127948
2020-08-10,F,159004.72348933594,0.07206581740887003,-1.9562686542711234,0.025216757351337004
2020-08-11,F,159463.97191451318,0.07209482716524969,-1.9940697592124974,0.023072215756622032
2020-08-12,F,159074.63644747107,0.0700495749547062,-2.019469264701602,0.0217192343574939
2020-08-13,F,158858.01142585409,0.06833032160016313,-2.050615379007161,0.0201522087547274
2020-08-14,F,158904.2637759486,0.06743834683390548,-2.0829524883758666,0.0186277772571507
2020-08-17,F,158752.78033984522,0.06584924046416846,-2.120343693471535,0.016988535710685784
2020-08-18,F,158492.74619422347,0.06444585269368992,-2.1409465249339714,0.016139175330034106
2020-08-19,F,158417.7519805712,0.06344519619544695,-2.168262325221768,0.015069366591245005
2020-08-20,F,158343.42908916334,0.0622579437541751,-2.2032719577967237,0.013787793106943865
2020-08-21,F,157800.2229930315,0.06113804613959584,-2.186916839007558,0.01437429771095707
2020-08-24,F,158802.87224207103,0.061296149601716934,-2.2844494988632693,0.011172563668523143
2020-08-25,F,158687.43922272295,0.06008310140456773,-2.319694141470956,0.010178714496413931
2020-08-26,F,158305.53673265481,0.05880183320432222,-2.32885674853609,0.009933327945710047
2020-08-27,F,158585.35018551632,0.05890821213460978,-2.354523639530211,0.009273231998222236
2020-08-28,F,158707.997029302,0.05809828577390003,-2.4014691872565983,0.008164692116369858
2020-08-31,F,158328.60334000265,0.05588606561212809,-2.4541707313420282,0.007060495973178179
2020-09-01,F,158368.6448007087,0.05584817234587738,-2.4604015986200722,0.006939081173368071
2020-09-02,F,158727.65317372204,0.05597260453908348,-2.495262222955451,0.006293203951475267
2020-09-03,F,158346.55536621384,0.054196607304806174,-2.5326366642130576,0.005660411483355276
2020-09-04,F,158626.5117796629,0.05381515942010101,-2.5837952302539025,0.004885989640605268
2020-09-08,F,158998.8763543561,0.05388277544999151,-2.6221438802699994,0.004368926673427122
2020-09-09,F,158840.66413471804,0.05321031389181901,-2.6372490555960786,0.004179072048749156
2020-09-10,F,158644.9277699068,0.050967358796925925,-2.7314078104010613,0.003153219094852238
2020-09-11,F,158937.2548338742,0.051021893709910726,-2.7625555420136476,0.002867540156341846
2020-09-14,F,159295.54356586715,0.05086183801276639,-2.8156809728945564,0.0024336987190505944
2020-09-15,F,159057.51745559342,0.05022116140340542,-2.822470184366932,0.0023827626482212064
2020-09-16,F,159031.61082700745,0.0501312258963694,-2.82237969767836,0.0023834351321588058
2020-09-17,F,159787.60106993828,0.04964787726928174,-2.9458644278167005,0.0016102676108168926
2020-09-18,F,159668.49547711053,0.04942866390877208,-2.944062940225136,0.0016196705751727284
2020-09-21,F,158570.07149540578,0.048050296182339525,-2.884167507971052,0.0019622497004379933
2020-09-22,F,158293.63880378474,0.04548050520093688,-3.0114105870973256,0.001300184866358332
2020-09-23,F,157910.50740239676,0.04459120161001394,-3.0157789569928664,0.0012816002090485358
2020-09-24,F,157950.39519623484,0.04433457454739422,-3.0391897250819455,0.0011860770636690655
2020-09-25,F,157513.56663998772,0.043734119523645955,-3.0181969635385015,0.0012714178776480013
2020-09-28,F,158083.79134142902,0.043502682365376674,-3.1152540428918916,0.0009189327470582196
2020-09-29,F,157805.76974133766,0.04326413375906307,-3.091984018180064,0.0009941177660874206
2020-09-30,F,157964.72392622882,0.04320852805120109,-3.1193190520975103,0.0009063478047316852
2020-10-01,F,158256.61143338997,0.04322492848585691,-3.15851471649598,0.0007928765138922791
2020-10-02,F,158693.38220726847,0.04384080610956257,-3.1763980242340613,0.0007455810245830961
2020-10-05,F,159090.41276380068,0.04447044640675641,-3.186988368579002,0.0007188127806749078
2020-10-06,F,158985.05476759654,0.044378237845581175,-3.176521350964057,0.000745264086683921
2020-10-07,F,159739.59457815083,0.044986293256467795,-3.2382308708109497,0.000601367186327454
2020-10-08,F,160096.91417234577,0.04555724624565475,-3.2461256482036243,0.0005849359699140126
2020-10-09,F,159793.09326733256,0.045039114056076364,-3.239594846718095,0.0005984982448917137
2020-10-12,F,161063.6838215152,0.04652033370360236,-3.305236375095559,0.00047448165213616686
2020-10-13,F,161341.59889606116,0.046930937741319276,-3.3126447496744698,0.00046209144101678015
2020-10-14,F,160759.74019438124,0.04651736340820983,-3.262694641390848,0.0005517918001524088
2020-10-15,F,160918.5368484992,0.0468105241341691,-3.2630605246766784,0.0005510798939745765
2020-10-16,F,161077.3265803154,0.0471259534646579,-3.2618341138334306,0.0005534694987461983
2020-10-19,F,160852.8199844017,0.04707260539731405,-3.2338299595657096,0.0006107107673533648
2020-10-20,F,161289.40057730407,0.0482270952541719,-3.2114784172916115,0.0006602694472340427
2020-10-21,F,161646.64965628023,0.04905925525686202,-3.2012777886790835,0.0006840977975171451
2020-10-22,F,162732.4833865111,0.05044296144406363,-3.2428375906960896,0.0005917282556319359
2020-10-23,F,162573.5694581281,0.05054971300188581,-3.216554940608382,0.0006486984491918471
2020-10-26,F,162176.34841318673,0.05051767144976979,-3.1702020869585277,0.0007616647582694447
2020-10-27,F,161872.4505765632,0.050203679461732445,-3.150992345140157,0.0008135837738495436
2020-10-28,F,161197.33271365974,0.04952183590905334,-3.1106683739078305,0.0009333222160626918
2020-10-29,F,161792.83699786378,0.050585326163428264,-3.117113967149541,0.0009131547771736984
2020-10-30,F,161330.02519026442,0.05019377404377657,-3.082759559176945,0.0010254539434851875
2020-11-02,F,161250.59534877652,0.05011053648873951,-3.078135997552096,0.0010414991536378687
2020-11-03,F,161780.5829205424,0.050891793284071105,-3.0926191569401196,0.0009919928324949314
2020-11-04,F,161065.71189986265,0.05011500280195252,-3.052970093892593,0.0011329425936710917
2020-11-05,F,162098.36542480416,0.05104131797927338,-3.121856460306989,0.0008985726894284586
2020-11-06,F,161516.41328272407,0.0505156840155427,-3.081692052716683,0.001029138258810161
2020-11-09,F,162747.42518969794,0.05202064300954571,-3.1370107831757297,0.0008533992487413048
2020-11-10,F,163303.34260420577,0.05271216201517314,-3.159861176053344,0.0007892216392988254
2020-11-11,F,163158.22596929496,0.05273071339756115,-3.1399747529454927,0.0008448119770932096
2020-11-12,F,162799.78574500963,0.054379571296268726,-3.0026992881190697,0.0013379835165357478
2020-11-13,F,163792.69621011187,0.05549260187366135,-3.050943585215024,0.001140617164258379
2020-11-16,F,164600.3731790659,0.05712816516282702,-3.046337523814885,0.0011582381857850176
2020-11-17,F,164441.43737464087,0.05709305921787748,-3.031325139808995,0.0012174145138912032
2020-11-18,F,164639.99641553828,0.057343936706831924,-3.038856907720413,0.0011873881080037192
2020-11-19,F,164653.68492805466,0.0575567540944907,-3.0271152901968708,0.0012344988521658256
2020-11-20,F,164415.3015081485,0.05744040843193172,-3.0081398969166666,0.001314260537570236
2020-11-23,F,164772.46446536505,0.058315719722413915,-2.9993300196121853,0.0013528702689360476
2020-11-24,F,166573.63518324748,0.059873170588471816,-3.099685490306257,0.0009686311604949076
2020-11-25,F,165461.70379184373,0.05858930853675288,-3.054590561768061,0.0011268398074103713
2020-11-27,F,165515.07869293704,0.05891961576004477,-3.040913779287521,0.0011793068066403441
2020-11-30,F,165475.28877929453,0.05900681337521834,-3.032258315810091,0.0012136569342163094
2020-12-01,F,165951.45818701148,0.06026876689176185,-3.0151951612002406,0.0012840697486360619
2020-12-02,F,165845.5657580593,0.06100616138550989,-2.9659149175142985,0.0015089198230427369
2020-12-03,F,165885.04421715107,0.06139605817725588,-2.9505678792490118,0.0015859516932810902
2020-12-04,F,166281.83659229195,0.06241052296794461,-2.939881697665114,0.0016416879129770659
2020-12-07,F,165938.07890060538,0.062110010604985014,-2.9194779235027433,0.0017530911375660376
2020-12-08,F,166017.3144513352,0.062463640558559054,-2.9102396757737434,0.001805758434960802
2020-12-09,F,166613.00284255925,0.0633193546276785,-2.926625470489109,0.0017133062785963731
2020-12-10,F,165633.855300704,0.06205553252491176,-2.8909130390426365,0.0019206219732418007
2020-12-11,F,165315.9924703778,0.06176580033948212,-2.8736642557000223,0.0020287001710962973
2020-12-14,F,165011.91611894395,0.06148368215784199,-2.8555625468359334,0.0021480330038073044
2020-12-15,F,165726.3036548552,0.06308139448688739,-2.850142362413343,0.002184983229726605
2020-12-16,F,165408.42243316522,0.06274681663550236,-2.8350769383643724,0.0022907325310778386
2020-12-17,F,165541.3375109485,0.06297132452134536,-2.8359126318547805,0.0022847472204360515
2020-12-18,F,165143.80982024613,0.0627271120601921,-2.808869231968477,0.0024857918036667007
2020-12-21,F,165104.06052983543,0.06269635270734006,-2.8064385322597576,0.0025046234249720615
2020-12-22,F,164680.8487110399,0.062151640833359154,-2.7886772808467755,0.002646188647420952
2020-12-23,F,165276.71110298112,0.06296616491283685,-2.809154232542287,0.0024835921955234912
2020-12-24,F,164879.45831252445,0.06243645326544341,-2.794976622786472,0.0025951734136796735
2020-12-28,F,165012.73976672412,0.06232799486008313,-2.8113085291905526,0.0024670223888928608
2020-12-29,F,164774.5581790521,0.06185543027314439,-2.809908670639853,0.0024777780061588247
2020-12-30,F,164907.9208637269,0.06165146659289097,-2.8309098248394635,0.0023207902553411784
