date,firm_id,V,sigma_V,DD,PD
2020-01-02,AAPL,1357033.7931279328,0.42294585570137305,2.0428117218451893,4.8545722058672875e-08
2020-01-03,AAPL,1345026.5054073625,0.42254094332332226,2.0429916078044643,5.2940669782572537e-08
2020-01-06,AAPL,1354845.905440311,0.4228689143928323,2.042846021417268,4.93557690906348e-08
2020-01-07,AAPL,1349089.7054213367,0.42267722673180386,2.0429311626359254,5.142491516190143e-08
2020-01-08,AAPL,1368572.21910346,0.4233149937174268,2.0426480654549417,4.481213188719175e-08
2020-01-09,AAPL,1394983.0191734354,0.4241570316675612,2.0422736606741636,3.720079855523021e-08
2020-01-10,AAPL,1397861.1191800656,0.4242472021864227,2.042231922833814,3.645905732220886e-08
2020-01-13,AAPL,1424962.1341600344,0.42507094019577546,2.0418655189530117,3.021734236305241e-08
2020-01-14,AAPL,1407354.9341239114,0.42453675887124576,2.0421022881671536,3.41522510673904e-08
2020-01-15,AAPL,1401937.3341117927,0.4243694944864457,2.0421773356187187,3.5468742235168436e-08
2020-01-16,AAPL,1417864.550369663,0.4248530003982748,2.041961732276228,3.1774052797100084e-08
2020-01-17,AAPL,1432085.7503969101,0.42527950052178787,2.0417709825918666,2.8793618601633272e-08
2020-01-21,AAPL,1423295.1679060534,0.42501265939019905,2.041890034252089,3.06294944544804e-08
2020-01-22,AAPL,1427866.2679148521,0.4251496251805983,2.0418288602990105,2.967519809185001e-08
2020-01-23,AAPL,1434143.3867538027,0.42533205335290897,2.041747288352962,2.844380863208689e-08
2020-01-24,AAPL,1430418.786747063,0.4252214773790844,2.041796721581902,2.9184892474198344e-08
2020-01-27,AAPL,1392156.9866658035,0.42405209354320517,2.0423149250787285,3.809745548561761e-08
2020-01-28,AAPL,1427892.3068711606,0.42514115553334336,2.041836088966499,2.9726884868173237e-08
2020-01-29,AAPL,1455149.6069178237,0.4259406375016049,2.041476264321782,2.4644335516421724e-08
2020-01-30,AAPL,1453118.0069149602,0.4258824060197483,2.0415009478058486,2.4990074974540865e-08
2020-01-31,AAPL,1394553.2282326675,0.42412055997277515,2.0422746166089456,3.754164465140684e-08
2020-02-03,AAPL,1390997.9282233987,0.4240060451753176,2.042339490187649,3.8481274749175416e-08
2020-02-04,AAPL,1432645.728312669,0.4252780171545351,2.041776919431239,2.879376040139179e-08
2020-02-05,AAPL,1443324.6510644066,0.4255895249810311,2.0416321553563277,2.6780274797086167e-08
2020-02-06,AAPL,1458730.9510887174,0.4260352946266729,2.04143270833116,2.4096513921464843e-08
2020-02-07,AAPL,1440615.8510594089,0.4255102546753673,2.0416671583969688,2.7284133413520543e-08
2020-02-10,AAPL,1446892.9751063501,0.4256894273491523,2.0415873717481072,2.615775906062726e-08
2020-02-11,AAPL,1438935.8750929025,0.4254565727051599,2.0416915330323744,2.762872514547153e-08
2020-02-12,AAPL,1469917.7751399498,0.42634863705335657,2.0412940161883446,2.2348502453132045e-08
2020-02-13,AAPL,1460450.0004659018,0.42607617263431824,2.0414140962623284,2.3862862339409403e-08
2020-02-14,AAPL,1460788.6005785656,0.41722688108408684,2.0887678667118337,1.1693272575266408e-08
2020-02-18,AAPL,1436422.4272625898,0.4081952441600182,2.1355056777275614,6.8889785295508415e-09
2020-02-19,AAPL,1455384.0272975077,0.40077867550267054,2.181208691414328,2.9183310552024934e-09
2020-02-20,AAPL,1441840.02731114,0.39286090088121434,2.2267011157683854,1.5816147917445325e-09
2020-02-21,AAPL,1412056.2552570347,0.3850478239490431,2.2706351686608373,1.008071963178441e-09
2020-02-24,AAPL,1351277.5552574312,0.37767163123059705,2.307720515022835,9.591920263501106e-10
2020-02-25,AAPL,1309799.055258472,0.3716270887102969,2.3400408747013417,8.484965680136968e-10
2020-02-26,AAPL,1328604.3845062049,0.3675264065624885,2.371660810734039,4.276925917774173e-10
2020-02-27,AAPL,1250218.4845065034,0.3627881411522539,2.38836752522243,7.17248065815709e-10
2020-02-28,AAPL,1249541.2845077366,0.36063231345041125,2.4034507983065874,5.70238164020527e-10
2020-03-02,AAPL,1353843.115084693,0.36701992584414583,2.3799488346608353,2.9278617973337484e-10
2020-03-03,AAPL,1314904.115057282,0.3692881063886954,2.3568644021755216,6.201977257993235e-10
2020-03-04,AAPL,1369939.6469102544,0.3753881373373591,2.326083388620488,6.041932707115532e-10
2020-03-05,AAPL,1329646.2469043196,0.3788682729167658,2.2958313740233645,1.4162259036039743e-09
2020-03-06,AAPL,1313732.0468974954,0.3827342266383937,2.2679395020706594,2.522079485012706e-09
2020-03-09,AAPL,1220122.1799838464,0.38654565586539386,2.2249055764270764,1.1172951179209237e-08
2020-03-10,AAPL,1298677.3799569004,0.398570862084767,2.168133463119078,1.2828834885389392e-08
2020-03-11,AAPL,1258045.3797568588,0.4056725544744321,2.1193929406148886,3.604848468898995e-08
2020-03-12,AAPL,1146659.0126705403,0.4127307453436306,2.056679171815502,2.0754673002283317e-07
2020-03-13,AAPL,1268555.0115442139,0.43608097746740787,1.9605117154104446,2.869453984000428e-07
2020-03-16,AAPL,1122110.485305637,0.4522347290340985,1.8553395485108248,2.8925035802929287e-06
2020-03-17,AAPL,1165633.5722156484,0.47609168358564535,1.76086656294704,6.4041611889196904e-06
2020-03-18,AAPL,1140407.7379175152,0.493562816234006,1.6863661350236008,1.681288438994782e-05
2020-03-19,AAPL,1132619.6919831396,0.5100341189209237,1.6234519179354883,3.390663330945367e-05
2020-03-20,AAPL,1068975.2124200899,0.5223030015505898,1.5678251570395716,8.254187000613457e-05
2020-03-23,AAPL,1048996.7919519222,0.5357927099185786,1.5186265000775419,0.00014513700312721554
2020-03-24,AAPL,1141264.8950702508,0.5597964530111723,1.4600730597426397,0.00016185500343941032
2020-03-25,AAPL,1135689.275440349,0.5760585653755756,1.4110559351131406,0.0002608717450733084
2020-03-26,AAPL,1188509.6437176832,0.5953614383963087,1.3649954976252283,0.00031982222926821904
2020-03-27,AAPL,1144826.0876667057,0.6076279856840943,1.325954665699673,0.0005348447346341641
2020-03-30,AAPL,1173786.6619358314,0.6237622600142599,1.2889140112552495,0.0006616712630033333
2020-03-31,AAPL,1171581.2030107384,0.636672191002893,1.2570182725782517,0.0008739465442627803
2020-04-01,AAPL,1116718.1923818628,0.6452367414513606,1.229092064894729,0.0013250911956048006
2020-04-02,AAPL,1133316.9954321503,0.6581821088847706,1.2017957124296228,0.0015584070704374813
2020-04-03,AAPL,1118916.9772429513,0.667843497132169,1.1783710063904063,0.0019603392689259056
2020-04-06,AAPL,1205091.5828655013,0.6861517168106771,1.1500542386330697,0.0018802902756830794
2020-04-07,AAPL,1192565.4220803122,0.6961356331566768,1.1278935736218942,0.0023204694730241614
2020-04-08,AAPL,1219816.6823975157,0.7082358711577995,1.106567316773682,0.0025354760579228636
2020-04-09,AAPL,1227596.8605873547,0.7170310371667629,1.090112928366917,0.002817980809428631
2020-04-13,AAPL,1249274.9745788877,0.7262766168767641,1.074541649014298,0.003000016119702906
2020-04-14,AAPL,1305668.0280742922,0.7354152944967209,1.0626504570187862,0.002850921352497177
2020-04-15,AAPL,1294994.4303653124,0.7396699139236269,1.0537673311493894,0.0031360037369655234
2020-04-16,AAPL,1304302.5743056296,0.7442485795964111,1.0461806805834202,0.003249760775064635
2020-04-17,AAPL,1288393.676770346,0.7467181344269863,1.0402318010756844,0.0035361518712997866
2020-04-20,AAPL,1264343.137513269,0.7484648683138367,1.0348412721147238,0.003904554476453973
2020-04-21,AAPL,1229287.140559251,0.7476419571581294,1.0329282708678185,0.004315227743931438
2020-04-22,AAPL,1260966.453518545,0.7501319058364105,1.0315070100395203,0.004037254080908153
2020-04-23,AAPL,1256563.7127642736,0.7497720277601332,1.0317369631639233,0.004073638411800457
2020-04-24,AAPL,1289080.715083325,0.7491133840241746,1.035941831979872,0.003648303567889538
2020-04-27,AAPL,1289949.2768273305,0.7426670517730977,1.0477489490594323,0.003328527206091055
2020-04-28,AAPL,1271167.3770865742,0.730396669184113,1.0688305469118846,0.0029669796057594203
2020-04-29,AAPL,1308599.7406711495,0.7219714901334595,1.0884569748349278,0.0023115244442939824
2020-04-30,AAPL,1333511.7825362443,0.7129371302862287,1.1084110260641526,0.0018451934990077875
2020-05-01,AAPL,1314047.5879930311,0.7018929026617663,1.1288084313851132,0.0016445071713423623
2020-05-04,AAPL,1330816.5601596748,0.691876431550572,1.1510747850523837,0.0013048607943023684
2020-05-05,AAPL,1348951.3364122517,0.682095970042661,1.1735177281473808,0.0010245159431580514
2020-05-06,AAPL,1361485.3244602303,0.66978690686844,1.2016289682661785,0.0007729632367898849
2020-05-07,AAPL,1374187.114138772,0.6579517508686673,1.2296159131169366,0.0005792106729441477
2020-05-08,AAPL,1403831.353220057,0.646818293306469,1.2584238245356587,0.00040563812843108374
2020-05-11,AAPL,1423811.229182276,0.6348927183935427,1.289157701727112,0.00028434896105235485
2020-05-12,AAPL,1409083.4394192377,0.6218897108724175,1.32046047987654,0.00022021366983704662
2020-05-13,AAPL,1393691.147162722,0.6094754912084456,1.3513019178938002,0.00017144483965254626
2020-05-14,AAPL,1401479.918047344,0.597298831634673,1.3850274771941906,0.000118849710172119
2020-05-15,AAPL,1393862.0043651504,0.5850013812965884,1.418794954974684,8.648848893585003e-05
2020-05-18,AAPL,1423672.4013789992,0.5746540358510313,1.4520449634817338,5.436387702719454e-05
2020-05-19,AAPL,1416223.5116046881,0.5608708786025949,1.4930810817995508,3.59438572161697e-05
2020-05-20,AAPL,1441280.150368803,0.5488066350097749,1.5339844975285193,2.0535258780512494e-05
2020-05-21,AAPL,1431473.9192845356,0.5358050215372988,1.5759366607646792,1.3279503295248049e-05
2020-05-22,AAPL,1439769.6972213052,0.523969261543823,1.6177683653181096,7.836101569243744e-06
2020-05-26,AAPL,1430979.1959943539,0.5119540338098753,1.6600930025109348,4.926253586140523e-06
2020-05-27,AAPL,1436566.1248435641,0.4999983888200431,1.705822895635088,2.734080285310714e-06
2020-05-28,AAPL,1437256.399529683,0.488245846050504,1.7522367644785146,1.5201840702453347e-06
2020-05-29,AAPL,1435902.007805807,0.47687368799109453,1.7989740629911741,8.383836026332707e-07
2020-06-01,AAPL,1451985.5127182337,0.46638094310241174,1.8462177194590297,4.087097586691658e-07
2020-06-02,AAPL,1458093.3755815227,0.4556450823717819,1.895332046859752,2.0184971655439198e-07
2020-06-03,AAPL,1465373.2767385773,0.44469025859276284,1.9479312351238138,9.22446147454673e-08
2020-06-04,AAPL,1453860.8772155456,0.4334310581954895,2.00208493009521,4.5714517222265354e-08
2020-06-05,AAPL,1491627.839348711,0.424185320869124,2.055010386441131,1.610211756711955e-08
2020-06-08,AAPL,1499754.2394422458,0.41417503631145847,2.1103251888404237,6.506595917991325e-09
2020-06-09,AAPL,1542925.7394715738,0.40574547744864864,2.1637588481842727,2.020830555021751e-09
2020-06-10,AAPL,1579338.3026592864,0.39728559047999085,2.2183922857348066,6.208955078314195e-10
2020-06-11,AAPL,1509756.0026601392,0.3880222397214285,2.2661358256223365,4.887895260984756e-10
2020-06-12,AAPL,1521607.002662536,0.38083843673987977,2.313857072165775,1.9733428048922852e-10
2020-06-15,AAPL,1538888.6671336305,0.37384687126066457,2.3627828381746006,7.27025049272101e-11
2020-06-16,AAPL,1576134.6671372768,0.36777947938629496,2.409799583644126,2.243817473912771e-11
2020-06-17,AAPL,1574103.067137361,0.3611233993665897,2.4569738900514055,9.62721756861411e-12
2020-06-18,AAPL,1574793.3329173902,0.35481258275283795,2.50363771010478,4.007965292556832e-12
2020-06-19,AAPL,1566497.632917404,0.34865795527432236,2.54942679635297,1.8259879497546384e-12
2020-06-22,AAPL,1604082.232917412,0.3437317517450172,2.593732794261297,5.258072364181271e-13
2020-06-23,AAPL,1635585.1000040493,0.3389844743771937,2.6367029615984396,1.6059933181559043e-13
2020-06-24,AAPL,1609005.0000040496,0.3335769713189547,2.6780817899630467,9.221100139296757e-14
2020-06-25,AAPL,1628643.80000405,0.3290715816259422,2.719707910607828,3.1475151909631185e-14
2020-06-26,AAPL,1582607.268397459,0.3244856524844136,2.753220287449042,2.661175091668686e-14
2020-06-29,AAPL,1615959.3683974594,0.32165215648025974,2.783929965596137,9.463102499139588e-15
2020-06-30,AAPL,1628487.5683974593,0.3183798023729907,2.8159466972852085,4.1154447235892355e-15
2020-07-01,AAPL,1625622.5380977732,0.3149684599800911,2.8475462364901,2.1546969674208885e-15
2020-07-02,AAPL,1625622.5380977732,0.31164203627978293,2.879465158354783,1.0724019047340642e-15
2020-07-06,AAPL,1665590.4091051223,0.30934872501307403,2.907924650538561,3.458524244257153e-16
2020-07-07,AAPL,1660850.0091051224,0.30653403885566316,2.9352046101066476,1.9825507653458854e-16
2020-07-08,AAPL,1696416.081419638,0.3045849655140298,2.9601483612222923,7.108705601235274e-17
2020-07-09,AAPL,1703188.0814196377,0.30231902776966973,2.9843669235260597,3.70556659855737e-17
2020-07-10,AAPL,1705896.881419638,0.30010768452576764,3.0077708004384136,2.0631021307584125e-17
2020-07-13,AAPL,1698799.3550414501,0.2979190924562692,3.0297968088609895,1.3495714292901474e-17
2020-07-14,AAPL,1724702.2550414503,0.2963689124364373,3.05017103901067,5.854826010212902e-18
2020-07-15,AAPL,1735706.75504145,0.29470218561662226,3.0697838150560193,3.1381235808149217e-18
2020-07-16,AAPL,1715911.7299706896,0.29296037501252375,3.0859088724496573,2.7874334703949467e-18
2020-07-17,AAPL,1712695.0299706897,0.2914213715674401,3.1024324252319784,1.9497406794993802e-18
2020-07-20,AAPL,1746047.1299706895,0.29025578638553795,3.1203451387585384,7.876731102504354e-19
2020-07-21,AAPL,1723712.6062074876,0.2886994917546817,3.1345656593681124,7.603102869074758e-19
2020-07-22,AAPL,1728283.7062074875,0.28702820291017267,3.15427110642461,4.367743724327124e-19
2020-07-23,AAPL,1655484.7062074877,0.2857980312962064,3.1570087440964114,1.176345038205477e-18
2020-07-24,AAPL,1651773.1837519747,0.2835807226347211,3.182070516121809,6.765217961737251e-19
2020-07-27,AAPL,1687834.0837519746,0.2823501476991543,3.2023751622153926,2.3883660974776018e-19
2020-07-28,AAPL,1662269.7837519746,0.28057695738770305,3.2192645869253758,2.309082074078331e-19
2020-07-29,AAPL,1691571.7626042815,0.2794243735193869,3.237827423933767,9.302134191296792e-20
2020-07-30,AAPL,1710533.3626042816,0.2782587430391567,3.2549469092424284,4.507589609225927e-20
2020-07-31,AAPL,1875939.4626042815,0.28677495221160665,3.177467091426767,3.024475851519762e-20
2020-08-03,AAPL,1919801.242764539,0.29351744348122966,3.106686586836378,1.0768426345678217e-19
2020-08-04,AAPL,1931821.5427645391,0.29907300602793196,3.0478178747681812,4.250790393952289e-19
2020-08-05,AAPL,1938254.9427645395,0.30400092887708835,2.9968737057562986,1.4438957156246733e-18
2020-08-06,AAPL,2001416.9242328783,0.3092940035241266,2.949861432077897,2.2630140902256112e-18
2020-08-07,AAPL,1958922.6242328782,0.313731840116812,2.901683940581853,1.233843139338829e-17
2020-08-10,AAPL,1985502.7242328783,0.3175591565045205,2.8676967953717925,2.1227755526347288e-17
2020-08-11,AAPL,1930324.0070094296,0.3210011172895812,2.8296253624840704,9.82152631343729e-17
2020-08-12,AAPL,1990086.9070094293,0.3259777797959945,2.7902235932379367,1.3359875604834247e-16
2020-08-13,AAPL,2022944.1910943238,0.3303268654844738,2.7546139139667005,2.2472279119826623e-16
2020-08-14,AAPL,2021251.1910943235,0.3340152431914882,2.722339315228048,4.931674507045692e-16
2020-08-17,AAPL,2016341.4910943238,0.3372253648030081,2.6944911727809484,9.97021022492186e-16
2020-08-18,AAPL,2032099.476487692,0.3403780721465592,2.66949863398214,1.5403253705208746e-15
2020-08-19,AAPL,2034469.6764876917,0.3430272274006407,2.6478727880711364,2.489526877299296e-15
2020-08-20,AAPL,2076794.676487692,0.3460993946232036,2.6266274282284345,2.7614142802525413e-15
2020-08-21,AAPL,2177033.3631896647,0.3507936226975639,2.5973180192377674,2.266241968061965e-15
2020-08-24,AAPL,2201581.8631896647,0.35431719694931574,2.571691499905227,3.3655796861967294e-15
2020-08-25,AAPL,2184482.563189665,0.35733966137410184,2.5472789473248207,6.871983992448417e-15
2020-08-26,AAPL,2212430.1512003737,0.36061953910543093,2.524608610201919,9.267348684346051e-15
2020-08-27,AAPL,2187543.051200373,0.3631398474544418,2.5041263941625442,1.8154368039436485e-14
2020-08-28,AAPL,2184157.051200373,0.36568998594859553,2.4852379330250307,2.8677138545639704e-14
2020-08-31,AAPL,2253921.7405199483,0.3691175063535759,2.4654158099448713,2.62172436599066e-14
2020-09-01,AAPL,2338402.440519948,0.3726500606435608,2.4458449928362893,2.1830466689605986e-14
2020-09-02,AAPL,2292691.440519948,0.37531993173401496,2.4243363469230235,5.010236863495887e-14
2020-09-03,AAPL,2119679.9311485183,0.37937600295031126,2.384678347849814,4.3399622008416186e-13
2020-09-04,AAPL,2121034.3311485145,0.3848709317716971,2.3482036698779516,9.334020827599573e-13
2020-09-08,AAPL,1987131.1230861747,0.39133545447364,2.2962055904792855,7.170413607129061e-12
2020-09-09,AAPL,2061115.2230861376,0.4001895719197294,2.2470441339814466,1.1345494458924633e-11
2020-09-10,AAPL,1998135.6230859025,0.40739006026146857,2.1993226073655046,4.405616318996428e-11
2020-09-11,AAPL,1973600.2163356498,0.41463828971731753,2.1556736936253795,1.183240798806564e-10
2020-09-14,AAPL,2028792.01633238,0.41737319696379616,2.144432733727303,1.0266966175748418e-10
2020-09-15,AAPL,2031839.4163322588,0.41895505292372986,2.1358299245904866,1.1844458775999315e-10
2020-09-16,AAPL,1975814.2108867797,0.4200925481953871,2.125349137072367,2.0495483079135424e-10
2020-09-17,AAPL,1946356.0108871378,0.421623013501491,2.114657996690974,3.0012902820577923e-10
2020-09-18,AAPL,1888624.7108862514,0.422394353250834,2.105789199051044,5.075935793883812e-10
2020-09-21,AAPL,1941967.3067518182,0.4251059243389711,2.0953838547080643,4.376557741939066e-10
2020-09-22,AAPL,1970409.7067518246,0.4273042981719395,2.085772734022838,4.368479649431716e-10
2020-09-23,AAPL,1893391.3039239005,0.428163591197513,2.075149677976278,8.486613747879153e-10
2020-09-24,AAPL,1911506.403923063,0.4298882273994965,2.0674917180626,8.685063683676661e-10
2020-09-25,AAPL,1978210.6039250111,0.43287906747113425,2.0569314153479286,7.006651288624472e-10
2020-09-28,AAPL,2022411.0024129308,0.4356500690069457,2.0457312291774996,6.616479445934709e-10
2020-09-29,AAPL,2008020.502408929,0.4374297971078456,2.0355807454793777,8.626123781549133e-10
2020-09-30,AAPL,2036293.6024099267,0.4397995704590565,2.0254874967008467,8.788530131730959e-10
2020-10-01,AAPL,2052390.2022032756,0.4418865798403656,2.016036787296562,9.517631880629382e-10
2020-10-02,AAPL,1990426.4021964602,0.44295873143965975,2.006396834102989,1.5997821757803956e-09
2020-10-05,AAPL,2047649.8021983888,0.44480877612768405,2.001137017107744,1.2746442328222814e-09
2020-10-06,AAPL,1992809.7033003173,0.44513603473792773,1.9957403839151864,1.9037398135973382e-09
2020-10-07,AAPL,2024299.50330092,0.4468983794906115,1.9892384165737167,1.7908862893943181e-09
2020-10-08,AAPL,2022606.503299221,0.44793424943643373,1.9840480917876009,1.9796854541047486e-09
2020-10-09,AAPL,2055463.8057158699,0.44957456897966164,1.9782316770325965,1.835319855839791e-09
2020-10-12,AAPL,2177698.40572048,0.454444328694025,1.9622781757691186,1.2809696082078773e-09
2020-10-13,AAPL,2123353.105713126,0.4564108983753883,1.9497182065282357,2.1212019055556993e-09
2020-10-14,AAPL,2124889.9094360443,0.45806578661640596,1.9419934881110514,2.414795641257484e-09
2020-10-15,AAPL,2116932.8094323985,0.4593244778475357,1.935614948317172,2.8135976090646086e-09
2020-10-16,AAPL,2089167.6094314265,0.45718144432645963,1.9439703465411782,2.803735057343672e-09
2020-10-19,AAPL,2039237.2144661155,0.4551043088745686,1.9505853208128965,3.249725363650912e-09
2020-10-20,AAPL,2064293.6144750782,0.45200496725532835,1.9670269050676612,2.136116979277359e-09
2020-10-21,AAPL,2053797.0144800153,0.44780510639146826,1.9867266199982203,1.5978836363842556e-09
2020-10-22,AAPL,2035356.4208303615,0.44317881648999824,2.0083491488951823,1.2075622538316702e-09
2020-10-23,AAPL,2023674.7208333157,0.43879890349577905,2.0296123363223013,8.832419755582398e-10
2020-10-26,AAPL,2023844.0208359575,0.4343638503803942,2.052396531817734,5.859630103063616e-10
2020-10-27,AAPL,2049421.428497251,0.4306092706031093,2.0738023526219718,3.4190290942905773e-10
2020-10-28,AAPL,1960538.928494797,0.4260661949993596,2.0915182756904347,4.229095765094551e-10
2020-10-29,AAPL,2028428.2284985166,0.42457758669801293,2.1045707850332103,2.1981692873089344e-10
2020-10-30,AAPL,1922120.9374686643,0.4217824275989702,2.1116931785293036,3.740881091244431e-10
2020-11-02,AAPL,1920597.2374640184,0.42015979106138307,2.120470812193291,3.224214326648496e-10
2020-11-03,AAPL,1948036.9477439972,0.41908320312032316,2.1285913610256095,2.337793521014162e-10
2020-11-04,AAPL,2022359.6477448698,0.4186003484634588,2.1369204234956958,1.2519762302490837e-10
2020-11-05,AAPL,2089402.4477452652,0.4185692309881963,2.1418473825836473,7.510740595957598e-11
2020-11-06,AAPL,2087214.6593356314,0.4169830765630805,2.1505625624399336,6.449470499533286e-11
2020-11-09,AAPL,2048106.359335651,0.4149647504611845,2.1591888245439836,6.992027767129196e-11
2020-11-10,AAPL,2042350.1593357162,0.4134514530172663,2.16737259953663,6.20385789905464e-11
2020-11-11,AAPL,2100433.172237464,0.413244596535746,2.1726524942663503,3.8768265908992374e-11
2020-11-12,AAPL,2095862.072237487,0.41223139322173147,2.1781445430965913,3.58583813808989e-11
2020-11-13,AAPL,2096539.2722375323,0.4107049638443674,2.1869930430671545,3.003580548971471e-11
2020-11-16,AAPL,2113820.9864505194,0.40903057788137875,2.1979040923649724,2.17191215114855e-11
2020-11-17,AAPL,2098753.286451208,0.40657692849717547,2.211254795894274,1.8390621785505632e-11
2020-11-18,AAPL,2076405.6864505596,0.40411568460573766,2.2242659686486927,1.6472021406994115e-11
2020-11-19,AAPL,2086407.5019750032,0.4021976283056344,2.236468609319393,1.2109187920693581e-11
2020-11-20,AAPL,2064906.4019750117,0.399908243380357,2.248760553403947,1.0958379789701193e-11
2020-11-23,AAPL,2007513.701975017,0.3953166639513743,2.2725966390879435,1.0160603552821862e-11
2020-11-24,AAPL,2029197.218811081,0.39173524580565733,2.296730574745926,5.387448455243982e-12
2020-11-25,AAPL,2043418.4188110975,0.3882902486987913,2.3198195542259907,3.0457747979998015e-12
2020-11-27,AAPL,2052573.7369588835,0.38497310541423035,2.342047103053367,1.8079313769793432e-12
2020-11-30,AAPL,2093205.73695889,0.3823889301900104,2.362199125533413,8.801161118442311e-13
2020-12-01,AAPL,2153645.836958893,0.38026245421819915,2.3808547066985994,3.7857715482259213e-13
2020-12-02,AAPL,2159584.4564185524,0.3775576730574996,2.399581808025016,2.418621364010942e-13
2020-12-03,AAPL,2157383.5564185525,0.3748821442101628,2.417793355154367,1.6523705674318978e-13
2020-12-04,AAPL,2145871.156418553,0.37219913866205884,2.4356246513028723,1.2200194564061027e-13
2020-12-07,AAPL,2170602.0771902227,0.37007067287770007,2.452425663022615,6.95921858574433e-14
2020-12-08,AAPL,2181098.677190223,0.36791172201913125,2.468585997879743,4.4665224372269585e-14
2020-12-09,AAPL,2138265.7771902224,0.3655497769883086,2.4824496327726644,4.594074981679619e-14
2020-12-10,AAPL,2162319.4992740355,0.3625609984744314,2.5061109684094545,2.225485677662635e-14
2020-12-11,AAPL,2148606.1992740356,0.3586459555371349,2.534250412202515,1.3116289361008328e-14
2020-12-14,AAPL,2138292.0226701214,0.3527307827518478,2.5786920064507735,5.153031387931374e-15
2020-12-15,AAPL,2238856.222670121,0.3495564180665128,2.611237015180126,1.0082074201998896e-15
2020-12-16,AAPL,2237671.122670122,0.3454819023129018,2.6438548658637013,4.620404683772115e-16
2020-12-17,AAPL,2252244.047378613,0.34087143944753523,2.682841214255704,1.5595055464844722e-16
2020-12-18,AAPL,2218722.6473786132,0.335563780967268,2.725219634070679,7.375682088217581e-17
2020-12-21,AAPL,2244625.547378613,0.33110266745399164,2.7660358358661346,2.06199783660211e-17
2020-12-22,AAPL,2304740.173399641,0.32719966448356463,2.805381723818536,4.198778643072379e-18
2020-12-23,AAPL,2289503.1733996416,0.32289053740489637,2.8437041084940673,1.7725905590490792e-18
2020-12-24,AAPL,2306263.8733996414,0.3185566459693312,2.885705324376386,4.871046364483053e-19
2020-12-28,AAPL,2383985.700733337,0.31562159859493943,2.919634987645684,8.752766634253911e-20
2020-12-29,AAPL,2354019.6007333365,0.3122233406163784,2.9508223471780903,4.996488251539257e-20
2020-12-30,AAPL,2335071.1293798313,0.30917131205648335,2.9799411105770752,2.7090196054588564e-20
2020-01-02,JPM,717516.4638982476,0.2817502323511714,1.7903599427124854,0.007663746380460895
2020-01-03,JPM,712696.398417915,0.2799572496079482,1.7906179449153963,0.007815050451371824
2020-01-06,JPM,712387.1734972971,0.27984299231318654,1.7906347889302858,0.007824707479580514
2020-01-07,JPM,706202.5931256484,0.27753892169330435,1.7909558444332854,0.008021124944473242
2020-01-08,JPM,709020.4478821119,0.2785671126880917,1.7908147106893313,0.007933179769655681
2020-01-09,JPM,710350.1304983502,0.2790620428941386,1.790745243492244,0.007891028888028055
2020-01-10,JPM,706732.1476157828,0.2777111175848036,1.7909331363593608,0.008006332176123154
2020-01-13,JPM,709735.5371872904,0.2788070833452223,1.7907811668269957,0.007912727169663724
2020-01-14,JPM,713971.9547697109,0.2803744853865207,1.7905593305566188,0.007779689726761198
2020-01-15,JPM,708467.6945786917,0.2783345237128511,1.7908461348960385,0.007953068933446713
2020-01-16,JPM,709924.9403501487,0.27885116806904886,1.7907748592302906,0.007908978283245997
2020-01-17,JPM,712429.6865277266,0.27977973499077663,1.7906438639863773,0.007830066915905763
2020-01-21,JPM,708877.4312099469,0.27843448116374886,1.7908328521309402,0.00794450932349138
2020-01-22,JPM,708444.5111136128,0.27827279781897407,1.7908556038608452,0.007958298898296455
2020-01-23,JPM,708108.2319402605,0.2781206180629755,1.7908767422231364,0.007971297570944818
2020-01-24,JPM,699171.4137379465,0.27473632430259387,1.7913307979878916,0.008262878975656666
2020-01-27,JPM,696202.7721728433,0.27359221619100527,1.791484258052667,0.00836221031533984
2020-01-28,JPM,702576.8779059048,0.2760087566898909,1.7911667759570844,0.008152546896590144
2020-01-29,JPM,702051.176595947,0.2758091091304492,1.7911920918496138,0.008169845929308106
2020-01-30,JPM,706442.2680393305,0.2774694621529674,1.7909671400857976,0.00802699746540682
2020-01-31,JPM,697138.2336241417,0.2738997920406,1.791444397803082,0.008335405094218238
2020-02-03,JPM,699828.5759385801,0.27493394882335986,1.7913087919334407,0.00824555207747555
2020-02-04,JPM,704869.0710828655,0.27685030087414975,1.7910521079728081,0.008080122368859546
2020-02-05,JPM,710995.7064555439,0.2791168462022216,1.7907387652134186,0.007886311439954255
2020-02-06,JPM,711026.6245166167,0.2791285100109261,1.7907358786327812,0.007885375426951202
2020-02-07,JPM,709882.4791555128,0.278703277619647,1.7907955498895234,0.007921578103788093
2020-02-10,JPM,711401.5857818731,0.27924119828786165,1.7907200205697797,0.007875792743902741
2020-02-11,JPM,712112.8096826072,0.27950459912900694,1.7906827964158731,0.00785341594819713
2020-02-12,JPM,712112.8096754658,0.27950459941887235,1.7906827944681054,0.007853416009249237
2020-02-13,JPM,711807.4730076524,0.2793652245433252,1.7907024997664636,0.00786525337345176
2020-02-14,JPM,710748.0573814118,0.27117241914593676,1.844268792416661,0.006371010463507975
2020-02-18,JPM,706033.5775469452,0.261977619535972,1.8988923323961893,0.005205143156071983
2020-02-19,JPM,710951.4130829939,0.25657153592893306,1.9533739410662614,0.0040437825116495
2020-02-20,JPM,710952.3194944717,0.2563532290416123,1.9550951362301843,0.0040142266525461465
2020-02-21,JPM,706612.6391629919,0.24149162956539766,2.0668024304988815,0.0025271020066600833
2020-02-24,JPM,696984.9811269046,0.232148894778419,2.1234115507002698,0.002073075731578136
2020-02-25,JPM,681450.5858527296,0.22162820853171666,2.176056372593994,0.0017957352861546758
2020-02-26,JPM,682514.4465132675,0.2168940930881702,2.2281181268143,0.0014083949688503633
2020-02-27,JPM,668614.3197864934,0.20779476775459088,2.2773790295068825,0.0012303430997126106
2020-02-28,JPM,654743.657701808,0.19927925098552407,2.3218658045872105,0.0011028785366903814
2020-03-02,JPM,669059.0246014177,0.20120884386738558,2.3549663424417533,0.0008541532625524597
2020-03-03,JPM,657040.3003949645,0.19479509801485778,2.3855690068085664,0.0008066420836163286
2020-03-04,JPM,664678.99768934,0.1952272047389048,2.4108742024286616,0.0006758339435626986
2020-03-05,JPM,649198.1042181626,0.18875793513178624,2.42934942672671,0.0006959018873797069
2020-03-06,JPM,633685.7311791468,0.18274917367225813,2.4392590725785346,0.0007486414615882539
2020-03-09,JPM,595118.6267285717,0.17183789471445754,2.390257574342231,0.0012551922685274273
2020-03-10,JPM,614239.6263468411,0.1848920672834153,2.3167526181840996,0.001502804944533123
2020-03-11,JPM,601743.6351510421,0.18493483807929786,2.2529755512925966,0.0021498449918657724
2020-03-12,JPM,580899.9913681868,0.18138624366694062,2.183729428978747,0.003265730483792346
2020-03-13,JPM,622664.5129851456,0.21399915012402043,2.0310404979390557,0.0046659703369610695
2020-03-16,JPM,581554.3809654268,0.2108368761841846,1.8764140133871356,0.010228406636030671
2020-03-17,JPM,595639.0750316157,0.23387400959020416,1.7468044098728863,0.015020890129553394
2020-03-18,JPM,569340.677177459,0.2339527904277799,1.6321168695340302,0.024093430897746904
2020-03-19,JPM,572778.0058938776,0.24990276964584915,1.5394619856537501,0.03156587283437164
2020-03-20,JPM,567699.9682359165,0.2590925414146585,1.462191270826295,0.040182833770401764
2020-03-23,JPM,555520.1315390622,0.26208929553922233,1.3943586879014511,0.05020758753526853
2020-03-24,JPM,579806.8667933197,0.2939090702328535,1.3254440256617759,0.05699895576189178
2020-03-25,JPM,587950.3903705459,0.3136434186771059,1.2640166066360394,0.06602461881183508
2020-03-26,JPM,604159.5147858546,0.33948099157855605,1.2083768827845753,0.07399053815695232
2020-03-27,JPM,584940.2669269057,0.33971555372254025,1.1532260693312453,0.08845945214325418
2020-03-30,JPM,590453.5190953877,0.35728255264130393,1.108042665735918,0.09804832704657901
2020-03-31,JPM,580474.4729595532,0.3621141180227396,1.0651391327418491,0.11054527399766756
2020-04-01,JPM,564646.669781901,0.36084131547404624,1.0239483962826916,0.12453521277677487
2020-04-02,JPM,572151.9311354827,0.3790675931285652,0.9918320551170203,0.1326454911104743
2020-04-03,JPM,564446.9744446403,0.3833447590133461,0.9590149311438039,0.14413552665406237
2020-04-06,JPM,577992.4416003529,0.40689694364987045,0.9333570641034753,0.150132360892197
2020-04-07,JPM,580259.7557947212,0.41962812460797455,0.9078353811660409,0.15841533379247197
2020-04-08,JPM,589153.6573589098,0.43795508611339745,0.8860823252571252,0.16455884590790587
2020-04-09,JPM,610797.1383673464,0.4673591428543311,0.8671369730460482,0.1677210574775228
2020-04-13,JPM,597593.7454547395,0.4674162174981288,0.8413451279439019,0.1798158427405287
2020-04-14,JPM,589492.9431326356,0.47025179704998976,0.8194381585335152,0.18984164308679125
2020-04-15,JPM,575973.3735474831,0.4674106310709091,0.7968513206686205,0.20128737759274834
2020-04-16,JPM,565848.4145477496,0.4665322937646331,0.7765224528916773,0.2114292926925797
2020-04-17,JPM,585920.8595318975,0.49504632264890924,0.7666073415100761,0.21248520985667263
2020-04-20,JPM,575712.1550957479,0.4944426173807366,0.7475800895859219,0.22247621653954247
2020-04-21,JPM,568034.5761094872,0.4921025908566728,0.7359237611223595,0.2288761876566811
2020-04-22,JPM,568452.5641904472,0.49612649586852287,0.7299395720180222,0.2315341388110837
2020-04-23,JPM,568280.9594375236,0.4990049542027868,0.7248391631688234,0.2338900241541128
2020-04-24,JPM,571620.2241174517,0.5038548240567035,0.7236316431435783,0.2339474861747925
2020-04-27,JPM,582570.7850821284,0.5100575279397719,0.7346194495332239,0.22725328606565032
2020-04-28,JPM,585236.4847256129,0.504312454670347,0.7491925618463181,0.2202723703251901
2020-04-29,JPM,592988.8354969973,0.5030593695147424,0.7658456775694488,0.21167914907914814
2020-04-30,JPM,588387.3985050521,0.48906372186939756,0.7816380774753553,0.20565719414700584
2020-05-01,JPM,582542.1919459243,0.4747426419231526,0.796260185689001,0.20048966484754172
2020-05-04,JPM,580423.6493497008,0.46428628020652274,0.8118051856847277,0.19447709911882854
2020-05-05,JPM,580908.5291282703,0.45605045565700125,0.8290082110353886,0.1875406480698144
2020-05-06,JPM,577222.4342633036,0.4423250040006089,0.849198924088269,0.18034098337627447
2020-05-07,JPM,580637.4266974224,0.43545165517027035,0.8717372218940066,0.17131833879324532
2020-05-08,JPM,585566.7237564607,0.4295313160172871,0.8960396525963474,0.16170916513708072
2020-05-11,JPM,579149.8025431095,0.41364793465489946,0.9183554290013289,0.15507098603238167
2020-05-12,JPM,572061.1244195796,0.39786156800262124,0.9398901538875769,0.14909095081258378
2020-05-13,JPM,564816.4552599514,0.382410105854535,0.9609963674441049,0.14353991235595864
2020-05-14,JPM,574789.7481265503,0.38244886791289895,0.9879392224675176,0.13346293558117567
2020-05-15,JPM,571107.6030973903,0.3708599973698402,1.0108822922032197,0.12728862998917045
2020-05-18,JPM,583835.3505485437,0.37381883991318304,1.0366032541768602,0.11780479606639493
2020-05-19,JPM,579626.352030926,0.36255109582296263,1.0594925976074443,0.1123015069663143
2020-05-20,JPM,587198.2577000895,0.3613487807980525,1.0840709034925415,0.1046410883783852
2020-05-21,JPM,584576.3708187463,0.35214622843670895,1.106756293507625,0.09945148968453776
2020-05-22,JPM,583206.719998741,0.3428919037734304,1.134517618229365,0.09310174931304593
2020-05-26,JPM,600598.3724161179,0.3486788908447197,1.1626514330602287,0.08407026894745184
2020-05-27,JPM,615755.750706673,0.3527990369421711,1.1875755016776792,0.07655125467108398
2020-05-28,JPM,612082.6813850931,0.3437372213311417,1.2110670537448527,0.07244702091015041
2020-05-29,JPM,605561.6547355605,0.3330244761069942,1.2343782468626834,0.06898103397072154
2020-06-01,JPM,609331.9443158905,0.3282228109262966,1.2640395496509125,0.06314815057922149
2020-06-02,JPM,610569.2133095362,0.32176678877392184,1.2941253325611732,0.05796815490398377
2020-06-03,JPM,625081.6137271579,0.3242479148072262,1.3236244071152088,0.05155003366368069
2020-06-04,JPM,631101.5030943762,0.3215324475442087,1.3515634531949088,0.046838889056416665
2020-06-05,JPM,644121.7457233348,0.3231823507806044,1.3778832295795511,0.041906075904361385
2020-06-08,JPM,650205.2354492199,0.32101487546016044,1.4030941301377242,0.03818775149138844
2020-06-09,JPM,642580.0443117671,0.31161916057754396,1.427602771096955,0.03614974441658931
2020-06-10,JPM,630783.6690690999,0.3005676947044311,1.4493656757906035,0.03494781676054082
2020-06-11,JPM,607265.4610207786,0.28411794242004523,1.4629819404892586,0.03587348661277742
2020-06-12,JPM,614424.5754085702,0.28578791537486503,1.4770808545607272,0.033659162321305856
2020-06-15,JPM,618209.8529939174,0.2853524010725837,1.491198043721818,0.03187357954420455
2020-06-16,JPM,620438.240275816,0.2841207606730982,1.5049354218659527,0.030335943066406534
2020-06-17,JPM,613587.254857195,0.2780429415882693,1.516965407048446,0.029843822057963553
2020-06-18,JPM,612248.0277257544,0.27511273699403216,1.5291020528361663,0.02886182983976894
2020-06-19,JPM,609259.631482434,0.27143329313073433,1.5404859615291793,0.028118512060776778
2020-06-22,JPM,606484.4501606798,0.2679886947287657,1.5513942239322553,0.027418522608993395
2020-06-23,JPM,609717.9802155849,0.2678715578484168,1.5630996176970962,0.026153448227433124
2020-06-24,JPM,601029.0785107702,0.2610829859350961,1.5739745337469917,0.02601054613730048
2020-06-25,JPM,609855.24144253,0.2642974297651765,1.5854800268569098,0.024345227433215565
2020-06-26,JPM,595588.9307578569,0.25479327651329065,1.5934005880940167,0.02492721659076382
2020-06-29,JPM,596728.9759994005,0.2541639950419282,1.6018186933031278,0.024178332928385678
2020-06-30,JPM,599578.2310165766,0.2540908914833036,1.6130816449059755,0.023097420426721554
2020-07-01,JPM,597510.1951400175,0.25118099867860294,1.6242331010447069,0.02245601512536534
2020-07-02,JPM,598346.8665090529,0.24990532671787935,1.6360129053406134,0.02155757234934368
2020-07-06,JPM,604721.523250208,0.2518478535066129,1.6468542574564502,0.020341860500872253
2020-07-07,JPM,597535.9121383227,0.24649621210213746,1.6559441950879898,0.02027555221864028
2020-07-08,JPM,600237.8000434742,0.24574102549286853,1.6715194204148258,0.01908181059363883
2020-07-09,JPM,594837.0434868989,0.23999281124364627,1.691024215183308,0.018268388611144312
2020-07-10,JPM,608292.3002115567,0.24533776473014043,1.7053413613173616,0.016534858331671412
2020-07-13,JPM,612067.4121788981,0.24528107477274744,1.7197657894031328,0.015518376993099643
2020-07-14,JPM,613608.8870262482,0.24414507014624157,1.7338060139168072,0.014700153798761805
2020-07-15,JPM,617714.4841937989,0.24444596484851946,1.7468831719011648,0.013819389064653229
2020-07-16,JPM,618550.6232377923,0.24250985354235527,1.7641304858596891,0.012971362771337763
2020-07-17,JPM,613596.9176812368,0.23779478291681563,1.7812002463160719,0.012475038045686157
2020-07-20,JPM,611305.9450975539,0.2340561986789624,1.8014489994006315,0.01173256136160868
2020-07-21,JPM,617056.2139242947,0.23443544453342005,1.8206613579681243,0.010688993162942669
2020-07-22,JPM,615131.3649479058,0.2310747166019844,1.8402908415761723,0.010047348287565731
2020-07-23,JPM,615928.0312299475,0.22885071148737193,1.8618284811391208,0.009259958816698662
2020-07-24,JPM,614110.2218637947,0.2239323959763351,1.8961199823190464,0.008240010361210623
2020-07-27,JPM,610429.5031003557,0.21825940622906687,1.9310738403404233,0.0073712732811667195
2020-07-28,JPM,611598.8038793658,0.2150376701602224,1.9657347626380295,0.006435407122195283
2020-07-29,JPM,617991.9092643054,0.21444032191756277,1.9983715755631495,0.0054971885968947976
2020-07-30,JPM,610868.4822699465,0.20793256415146513,2.0309157037494217,0.005036463591518337
2020-07-31,JPM,609863.4818673499,0.2043631668495914,2.062580246912996,0.00447701013634987
2020-08-03,JPM,608458.6795174559,0.20072957654891327,2.0938750406251394,0.003991367817656332
2020-08-04,JPM,606986.2332418093,0.1972319816251242,2.1247444530884665,0.0035609870163269925
2020-08-05,JPM,611446.4574832881,0.19648724088615988,2.1541632819601393,0.0030785700278813267
2020-08-06,JPM,611583.0049193554,0.19366624547480105,2.186507783460385,0.0026956568632056418
2020-08-07,JPM,617339.4777784226,0.19314480411634385,2.219906009162161,0.0022612548557395837
2020-08-10,JPM,620747.3034764141,0.190899198614079,2.2626700558806743,0.0018438681032767813
2020-08-11,JPM,629318.1424379398,0.19091139509862395,2.302109213318065,0.0014658343658687917
2020-08-12,JPM,626974.3231477876,0.18689675722330013,2.3414235047861527,0.0012522097913565799
2020-08-13,JPM,625468.196296424,0.18331866130246835,2.380341489096992,0.0010640209844202052
2020-08-14,JPM,625595.0943527994,0.1805179165858451,2.4185159741012905,0.0008939949421159168
2020-08-17,JPM,618335.6342188607,0.17524665831334402,2.4552197120908654,0.0007995927904818734
2020-08-18,JPM,614633.8533646397,0.17121975543764634,2.4937367064532796,0.0006902377994323037
2020-08-19,JPM,615253.841286358,0.16891874829420156,2.5315787428765333,0.0005758890783224799
2020-08-20,JPM,612072.6347048277,0.16525860971549922,2.5706605169479073,0.0004923091076340238
2020-08-21,JPM,611985.8223921198,0.16198614451997895,2.6224498152140203,0.0003851366035641987
2020-08-24,JPM,619341.523588679,0.16160033095908063,2.670586615212249,0.00028488449855810686
2020-08-25,JPM,620516.689598439,0.15915848430430227,2.7187802370390823,0.00022166732840248418
2020-08-26,JPM,616782.5638517954,0.15519054493658746,2.7669133267458856,0.00018044700889326926
2020-08-27,JPM,625527.8862902176,0.1557553289407523,2.8074341306339163,0.00013419641781939996
2020-08-28,JPM,626671.5794603331,0.15380626446160353,2.850047385575923,0.00010609014751841755
2020-08-31,JPM,619785.214691431,0.14964638513478395,2.888550465073502,9.321381806157047e-05
2020-09-01,JPM,619630.9511649817,0.1475724327810199,2.928650137083809,7.543024600460673e-05
2020-09-02,JPM,623709.9601799436,0.14693112588252033,2.9666045605410756,5.870108761991399e-05
2020-09-03,JPM,622879.9318709977,0.14486331644285239,3.0038794140748117,4.8362283179501734e-05
2020-09-04,JPM,628751.0598484533,0.14499026027785256,3.03726153134948,3.750160771836284e-05
2020-09-08,JPM,619114.4234134216,0.1410043554316612,3.0623985442293233,3.66117098057772e-05
2020-09-09,JPM,621679.1856052162,0.14070863482119628,3.085412633463338,3.119660313113386e-05
2020-09-10,JPM,618867.3265245281,0.13874157375535723,3.1112172728837213,2.7931054665838053e-05
2020-09-11,JPM,622239.631077179,0.1383905777623938,3.140848862056196,2.2638432080163348e-05
2020-09-14,JPM,626009.4774173029,0.1382510414236942,3.168466467269191,1.8399899404715707e-05
2020-09-15,JPM,617419.2808297216,0.13504306249789294,3.187030043157371,1.8483242155019682e-05
2020-09-16,JPM,618597.6518535255,0.13462623124984874,3.2045644853636994,1.6459186279202458e-05
2020-09-17,JPM,615538.5642458535,0.13302026929077845,3.2225270552878147,1.5448334114280495e-05
2020-09-18,JPM,614951.478906327,0.13216442653014218,3.239484044526881,1.4109938499638538e-05
2020-09-21,JPM,606828.9289959541,0.12931968949498449,3.2521687471733154,1.465433688598125e-05
2020-09-22,JPM,604017.0355202936,0.1280006347787282,3.265038701562637,1.4141030475403231e-05
2020-09-23,JPM,599942.4028493405,0.12595909872850974,3.286758719223027,1.3213004718942563e-05
2020-09-24,JPM,599726.1176732946,0.12511388566176082,3.3074607828148563,1.1756586065867183e-05
2020-09-25,JPM,601920.0322756703,0.12506053377702875,3.3258533151537164,1.0236317438685074e-05
2020-09-28,JPM,609185.7044044132,0.12681385068677245,3.3336133531668755,8.819124391315685e-06
2020-09-29,JPM,606991.809017148,0.1256929929361242,3.3470943763904293,8.40345648924544e-06
2020-09-30,JPM,609463.8174978936,0.12589456770616125,3.360228862487243,7.497583468955447e-06
2020-10-01,JPM,611383.7873244243,0.12596517805936744,3.3721620380259445,6.7932914638802314e-06
2020-10-02,JPM,613855.7937697746,0.12620072844918723,3.384046305710868,6.097931858751435e-06
2020-10-05,JPM,619417.7999451639,0.1274458372124593,3.3908031674443233,5.391148911159724e-06
2020-10-06,JPM,616702.769200583,0.12619822298325128,3.404478030688581,5.168069564460121e-06
2020-10-07,JPM,621337.7747095501,0.12707496427142614,3.4140476248037395,4.547476209139009e-06
2020-10-08,JPM,626899.7794690006,0.1282570742740499,3.421207717491929,4.002513699735491e-06
2020-10-09,JPM,625358.9530815078,0.1271835931152371,3.4390888289713595,3.668350520609891e-06
2020-10-12,JPM,628727.0576697383,0.1274810495888079,3.4544706701505836,3.1650168732059263e-06
2020-10-13,JPM,624215.6595200899,0.12563316191705393,3.4737285835125418,3.005437700067418e-06
2020-10-14,JPM,622736.635730985,0.12460518215405621,3.491494328754655,2.752803259659165e-06
2020-10-15,JPM,626815.4395087286,0.12504911653589526,3.508197819224208,2.323015913391189e-06
2020-10-16,JPM,626228.3414746918,0.12433017411678791,3.5244393845976356,2.1141113376431938e-06
2020-10-19,JPM,621628.419699226,0.12253014959070305,3.5424556595137155,2.0304756050689576e-06
2020-10-20,JPM,623173.4232882144,0.12186791293091052,3.5732875753379676,1.6253154813568229e-06
2020-10-21,JPM,620454.225353916,0.12019182148683646,3.603034518927943,1.4030707730143262e-06
2020-10-22,JPM,630037.4086078292,0.1220542823289331,3.617394498445143,1.0901558039192788e-06
2020-10-23,JPM,632540.3097876284,0.1221600167153999,3.632209293380665,9.480184330462604e-07
2020-10-26,JPM,625587.8094100717,0.12020071501473477,3.640759647075591,1.0076429272361495e-06
2020-10-27,JPM,620431.6939190282,0.11840199591472166,3.656766670303116,9.91529814690876e-07
2020-10-28,JPM,612861.1932503827,0.11634105262667084,3.66215533590019,1.0902551436039239e-06
2020-10-29,JPM,614560.6938018952,0.11659005912521181,3.6678136537183015,1.0205088611694073e-06
2020-10-30,JPM,616975.0820871082,0.11704028183360674,3.6721472481119357,9.525089137016002e-07
2020-11-02,JPM,622969.6832966009,0.11814785049355214,3.6836449159169997,7.959763699008414e-07
2020-11-03,JPM,631564.0754582487,0.12011535420790508,3.6860029038419238,6.758246568990502e-07
2020-11-04,JPM,623004.7743448798,0.11829144903963758,3.678934663221305,8.215537521636061e-07
2020-11-05,JPM,634128.7743259851,0.12177752227433689,3.653711347069446,8.025694295749018e-07
2020-11-06,JPM,630394.0673020023,0.12173817689673111,3.627613573129403,1.0174501004212103e-06
2020-11-09,JPM,668215.6533992372,0.13836720489578683,3.4148386410812455,2.274883375459156e-06
2020-11-10,JPM,667195.9054575149,0.145189331923791,3.2473041707489547,6.74671712597482e-06
2020-11-11,JPM,662503.1847350115,0.15048792686817958,3.1067673713147475,1.692084355603262e-05
2020-11-12,JPM,658671.3486362019,0.15541387899096887,2.98744628322573,3.5581539515644634e-05
2020-11-13,JPM,660586.7875151951,0.1613022619388685,2.8865585654045907,6.162436624212405e-05
2020-11-16,JPM,669366.1244694231,0.16873871817269703,2.798344105584543,9.174058061759156e-05
2020-11-17,JPM,666151.753993399,0.17243921966355027,2.7228580987952964,0.00014232339234221622
2020-11-18,JPM,663802.3317590405,0.17596830168087463,2.6569093017981875,0.00020579684181241712
2020-11-19,JPM,664670.5664140829,0.18000318183427577,2.5999312118694013,0.0002740576877923361
2020-11-20,JPM,661980.7419461282,0.18269004642338965,2.549416195392884,0.00036193352967573474
2020-11-23,JPM,670940.4062267051,0.18888970957893603,2.5014713896470853,0.000427261669341173
2020-11-24,JPM,685775.3087111124,0.19695385049395092,2.453830528490496,0.00048238137928576506
2020-11-25,JPM,682281.1372448562,0.1992653018394111,2.411779469626189,0.0006095229751271187
2020-11-27,JPM,680088.6919534297,0.20170303268718445,2.3736506125792367,0.0007455240089504622
2020-11-30,JPM,671030.9437593349,0.20198117437661453,2.33616121288125,0.0009501547672819005
2020-12-01,JPM,676064.7902788196,0.20647087609634465,2.302976796785359,0.0010716720638816698
2020-12-02,JPM,682338.8718707546,0.2112045968094123,2.272359022657436,0.001185251324755229
2020-12-03,JPM,680171.9317620563,0.2129735909464908,2.245446825451701,0.0013612117863711568
2020-12-04,JPM,683166.2774145973,0.21605104253658067,2.2230786936514333,0.0014791553944368237
2020-12-07,JPM,681930.804988394,0.2175784802845581,2.2026402932925624,0.001636449656534315
2020-12-08,JPM,682267.7557801534,0.21926127205034865,2.1864767085742653,0.0017564695488055731
2020-12-09,JPM,679699.8477836738,0.21971844570803475,2.1730721691803985,0.0018946734507175275
2020-12-10,JPM,677600.3821428966,0.21991679133414618,2.1636395835162197,0.002001951453432789
2020-12-11,JPM,675682.0557442693,0.22018127910522986,2.154373990911009,0.0021098261359177545
2020-12-14,JPM,672284.2349108851,0.21991163334527733,2.145042253685933,0.002243998582567524
2020-12-15,JPM,677752.6299073681,0.22270150918618054,2.136207784895176,0.002258074194237444
2020-12-16,JPM,678709.163469354,0.22366827337381592,2.1299681583891696,0.0023076318825069712
2020-12-17,JPM,676023.7335271732,0.22297574674737922,2.1274135606512448,0.0023714852776457497
2020-12-18,JPM,674416.6876362682,0.22235440469577636,2.1280066758536806,0.0023877414971180946
2020-12-21,JPM,686562.8506594981,0.22674195468679328,2.125915306411888,0.0022445654189606826
2020-12-22,JPM,681508.9343732725,0.22038878878974263,2.1715255029157827,0.0018900285395246168
2020-12-23,JPM,690757.6293866832,0.21925761594224963,2.214107197340266,0.0014720790836827728
2020-12-24,JPM,689249.7229025369,0.2146263318466036,2.25790428483531,0.0012140061273797152
2020-12-28,JPM,691515.0737085004,0.211293646894393,2.3019153972626403,0.0009728021216918467
2020-12-29,JPM,690622.9455940501,0.20716347342532312,2.345695653177785,0.0007939380718691186
2020-12-30,JPM,691619.4119772979,0.20356278631869032,2.3913929726431378,0.0006316017688042831
2020-01-02,TSLA,104067.4777261603,0.821654248961475,0.9330848187485207,0.004560218438259524
2020-01-03,TSLA,106895.19234124372,0.8236019047473431,0.9322897076720602,0.004246383515606075
2020-01-06,TSLA,108790.81234889574,0.8248585020407176,0.9317724141866928,0.004050032305336003
2020-01-07,TSLA,112681.75815205734,0.8273026469087007,0.9307671615269814,0.0036801954518500815
2020-01-08,TSLA,117803.92339157026,0.8302779331266895,0.9295277169020089,0.0032549301077566405
2020-01-09,TSLA,115409.5659816014,0.8289181310930454,0.9300932725849983,0.0034463774010471265
2020-01-10,TSLA,114711.20695477171,0.8285104106941263,0.9302631511116541,0.0035047412678289582
2020-01-13,TSLA,125054.23092633398,0.8340827812833651,0.9279282575239982,0.0027498485580480184
2020-01-14,TSLA,127947.30645085896,0.8354742665244546,0.9273515301125659,0.0025744382257022282
2020-01-15,TSLA,123657.5664246043,0.8333793407489763,0.9282289402761102,0.0028393545960846665
2020-01-16,TSLA,122527.79751446673,0.8327940574413328,0.9284769137823411,0.0029152314873252343
2020-01-17,TSLA,121862.71336069013,0.8324495682540368,0.9286212402435428,0.0029605963148298764
2020-01-21,TSLA,130010.76076314326,0.8364255300856578,0.9269471852040272,0.0024592389449510197
2020-01-22,TSLA,134965.48037184594,0.8386084260304223,0.926029040489372,0.0022037285025549493
2020-01-23,TSLA,135564.90247989143,0.8388598424465966,0.9259188520932858,0.002175790204729927
2020-01-24,TSLA,133902.2547994016,0.8381498729553177,0.9262198243193024,0.0022564876603014612
2020-01-27,TSLA,132405.86600321182,0.8374956918313412,0.9264969015304079,0.0023322109382085954
2020-01-28,TSLA,134368.6674119313,0.8383447603667573,0.9261375419533238,0.0022341421678782887
2020-01-29,TSLA,137494.43632513765,0.8396562554412659,0.925581359692937,0.0020870545085599516
2020-01-30,TSLA,150762.1058853148,0.844633228897145,0.9234465676254813,0.001579036938452772
2020-01-31,TSLA,152924.35057739593,0.8453494650021416,0.9231471766831333,0.0015113129519546166
2020-02-03,TSLA,181620.23591685176,0.8533895784698233,0.9196671786025667,0.0008710424624263474
2020-02-04,TSLA,205361.2470232569,0.8583679457918215,0.9174715751278254,0.0005749858721245474
2020-02-05,TSLA,171579.29034611981,0.8509181882034826,0.9206957300573935,0.0010503241767667406
2020-02-06,TSLA,174738.1509192999,0.8516958122775499,0.9204045477939399,0.00098920250639963
2020-02-07,TSLA,174538.64439718737,0.8516451329030351,0.9204262832826967,0.0009928980275994788
2020-02-10,TSLA,179693.42463777505,0.8529198211705005,0.9198730676916156,0.0009028406891428504
2020-02-11,TSLA,180391.69458913908,0.8530887567945026,0.9197983063182089,0.0008913839707192403
2020-02-12,TSLA,178795.64822679607,0.8527032646317332,0.9199661050429393,0.0009178669857495369
2020-02-13,TSLA,186942.99051187228,0.8545945214314133,0.919145973510707,0.0007920001010489711
2020-02-14,TSLA,186078.33111762794,0.8598961211552134,0.9109470192975158,0.0008779521936444433
2020-02-18,TSLA,199013.63543864965,0.8683967485174646,0.9011839706881901,0.0007704327564145169
2020-02-19,TSLA,212081.02643776988,0.8768024882862292,0.8913785219740424,0.0006855186453346366
2020-02-20,TSLA,208090.8062954215,0.8821603915368991,0.8828869073534089,0.0008042318416787019
2020-02-21,TSLA,208457.29711527404,0.8878063782072119,0.874864283373449,0.0008724001109680013
2020-02-24,TSLA,193560.63081124413,0.8919896417871109,0.8660091048069248,0.001228561548124255
2020-02-25,TSLA,186045.5262689803,0.8977399137786202,0.8563233886603433,0.0015415364432497388
2020-02-26,TSLA,181357.63585109267,0.9023528854884221,0.8488578195310127,0.0018001667450194482
2020-02-27,TSLA,159244.03025079917,0.9064853208274825,0.837278748411245,0.0029764304031076163
2020-02-28,TSLA,156782.4634749909,0.9149899587202874,0.8251011461518452,0.0034741544505170214
2020-03-02,TSLA,173542.1760704844,0.9312711362465267,0.8083297502543259,0.0030261837948072604
2020-03-03,TSLA,173973.5982551333,0.9416669988076547,0.795069800553727,0.0033954767523406526
2020-03-04,TSLA,174871.50475822177,0.9506691772555124,0.7839109937255316,0.003707111224830405
2020-03-05,TSLA,169317.16293545053,0.9574882249918806,0.7740863852764592,0.004421464894486432
2020-03-06,TSLA,164660.4494015217,0.9642573678340803,0.7646014246016982,0.00517336054530992
2020-03-09,TSLA,143474.38303520216,0.9688448782233803,0.7527584392695734,0.008085287081458871
2020-03-10,TSLA,151753.6031464329,0.9843865170801502,0.7369948448591075,0.00800595121222571
2020-03-11,TSLA,149290.04572899474,0.994866547149193,0.7241252120876635,0.009226647087309081
2020-03-12,TSLA,132955.16577535585,1.0013285976550768,0.7112839553869169,0.01324603345033602
2020-03-13,TSLA,129857.96544389788,1.0102627042303853,0.7001352681055825,0.015114646913034392
2020-03-16,TSLA,107323.36378388626,1.0125651947710381,0.6870369336018582,0.024326755884764666
2020-03-17,TSLA,104025.83727991757,1.0157385038559417,0.6816789222093543,0.02671274894463631
2020-03-18,TSLA,88706.73828029637,1.0049950191762278,0.6823739958586461,0.03558412535953957
2020-03-19,TSLA,103453.08220363715,1.0274231466447024,0.6688937561545818,0.02921169324134847
2020-03-20,TSLA,103416.31901547428,1.0346678732836745,0.6612766096766203,0.030631207834659217
2020-03-23,TSLA,104910.28549476477,1.0429011652933509,0.653621128858892,0.03127525185301424
2020-03-24,TSLA,120615.22694923362,1.0671100499393666,0.6366630586787492,0.026995095139180164
2020-03-25,TSLA,128197.51693245262,1.084832005718711,0.6220581996532704,0.026558610938791073
2020-03-26,TSLA,125727.62087965425,1.0956191077044724,0.610747471348937,0.029618178433872953
2020-03-27,TSLA,122658.5149172564,1.1044655613590595,0.6012123457474078,0.032873983313336574
2020-03-30,TSLA,119955.98375951394,1.1127340530701741,0.5924426627088811,0.03607942220990431
2020-03-31,TSLA,124777.70622768404,1.1243325345521684,0.5835378215491986,0.03568799931020052
2020-04-01,TSLA,115349.09038340225,1.1254122748756223,0.5789674547063071,0.041774630307485426
2020-04-02,TSLA,109348.83142581316,1.128019938453181,0.5740095673278183,0.04682967529547435
2020-04-03,TSLA,115004.83076463998,1.1400696982809788,0.5656767660309003,0.04542477953814701
2020-04-06,TSLA,123057.74231954227,1.1537431591639118,0.5566588023729581,0.043084524262721954
2020-04-07,TSLA,129512.07751733213,1.166053939681093,0.5480889921932945,0.041872860206405994
2020-04-08,TSLA,130271.76318890987,1.1742869104016145,0.5412818973395921,0.04326380316839665
2020-04-09,TSLA,135628.85652072655,1.182067526404186,0.5362282586430579,0.04189904948140887
2020-04-13,TSLA,152935.04940782549,1.1984859749233647,0.5266388372437245,0.036792317523561026
2020-04-14,TSLA,166011.977068514,1.2103868516822869,0.5193342717881396,0.033815611874056545
2020-04-15,TSLA,170434.18919839893,1.218356469055554,0.5135965300514157,0.03368959667530109
2020-04-16,TSLA,173824.84659249912,1.2255581011300534,0.508335425704392,0.03382877483888275
2020-04-17,TSLA,175752.40168528003,1.231576538980501,0.5038226179108343,0.03428664730911037
2020-04-20,TSLA,174085.0783520098,1.2358563056240852,0.5001803880334645,0.035699708324969597
2020-04-21,TSLA,160836.23650380058,1.2330345188088,0.5002258096625589,0.04043307719242773
2020-04-22,TSLA,170921.17360008083,1.2388765080292556,0.49731126900302064,0.037486369227051716
2020-04-23,TSLA,165028.10670596265,1.23887885259676,0.49635250549425997,0.03986076940897223
2020-04-24,TSLA,169355.9293944906,1.2395526407756063,0.4965331242168299,0.03823365261602173
2020-04-27,TSLA,185697.65504021404,1.2452812511693276,0.49441307700928544,0.03350629390765077
2020-04-28,TSLA,179113.1455595423,1.2360368021139663,0.5007745868966154,0.03397341427659692
2020-04-29,TSLA,186106.11574803232,1.2309063394615576,0.5058187085975404,0.03079587414395161
2020-04-30,TSLA,181988.6778411324,1.2163917829145265,0.5169455454112674,0.02953619573405094
2020-05-01,TSLA,164094.0033607158,1.1957337746801318,0.5310868236391878,0.03183092653976935
2020-05-04,TSLA,177412.17131013988,1.1873909105931089,0.5403683505289424,0.026088897490126075
2020-05-05,TSLA,178949.85477476104,1.1755417011935962,0.5507594133626276,0.02382926477935325
2020-05-06,TSLA,182151.19976670027,1.1605635799364287,0.5643650924638761,0.020859487704559542
2020-05-07,TSLA,181592.25748863386,1.1446805755774057,0.5785063429152855,0.01886040016470904
2020-05-08,TSLA,190347.4755815698,1.1322237393385992,0.5912810575464124,0.015590222104431685
2020-05-11,TSLA,188556.03859125086,1.1172341436746376,0.6050570544331445,0.014251299178951408
2020-05-12,TSLA,188127.89802754132,1.1030450314484879,0.6185931974875495,0.01285073337639931
2020-05-13,TSLA,184041.34293633155,1.0886995718206534,0.6319738029474502,0.01208984487565465
2020-05-14,TSLA,186805.7356036863,1.074791830712568,0.6463878602282352,0.01040811486836447
2020-05-15,TSLA,185877.95022193287,1.0594130665765316,0.6620205422005838,0.009245331720750538
2020-05-18,TSLA,189074.56000532585,1.0455494561436578,0.6771644862747148,0.007823509242026133
2020-05-19,TSLA,187846.66838106004,1.0305761966717917,0.6930920258189093,0.0069289908934375075
2020-05-20,TSLA,189511.73204281364,1.0166593984529722,0.7087706827205116,0.00591285313719429
2020-05-21,TSLA,192174.87701461406,1.0036283455688086,0.7239915986073243,0.004984424313909541
2020-05-22,TSLA,189815.38469536076,0.9899709055657291,0.7393744525194287,0.0044779740706249955
2020-05-26,TSLA,190250.27518329455,0.9738199956004332,0.7586520888971194,0.0037296435191897822
2020-05-27,TSLA,190551.09043046614,0.9566507099776275,0.7797413257707557,0.0030476777530573504
2020-05-28,TSLA,187360.95127673395,0.9393895039863137,0.8009011265359143,0.0026163927783838603
2020-05-29,TSLA,193846.10247824565,0.9253132921772338,0.8205487444122904,0.0019522338632063701
2020-06-01,TSLA,207812.37186077732,0.9145540529615802,0.8375481190692912,0.0013208412600700051
2020-06-02,TSLA,204156.08275057733,0.9008987857062878,0.8555717366818484,0.0011590048721482546
2020-06-03,TSLA,204455.78079542253,0.8865545221781312,0.8758021496466177,0.000930573262674628
2020-06-04,TSLA,200366.30083434272,0.8713139551982393,0.8970570341060135,0.0007938689852610485
2020-06-05,TSLA,205055.8108533713,0.8579660844284894,0.9178915840817169,0.0005819479372528616
2020-06-08,TSLA,219320.43526757424,0.8478314069864354,0.9360771067074624,0.00036784523531306564
2020-06-09,TSLA,217259.06878291446,0.8330541125011283,0.9589333620981096,0.00029152627583253543
2020-06-10,TSLA,235979.89404608723,0.8233796498255355,0.9777781722930798,0.00016547486148588
2020-06-11,TSLA,224408.90835480642,0.8105485465612281,0.9970706585121781,0.00016063455024341005
2020-06-12,TSLA,216063.17591132622,0.799005650255854,1.0150966927396938,0.00015093924737357163
2020-06-15,TSLA,228399.89216305406,0.7879510843015988,1.0366889665149204,8.988971548091309e-05
2020-06-16,TSLA,226471.42776140466,0.7737202351828971,1.0618741900329385,6.722652966117421e-05
2020-06-17,TSLA,228599.4577439984,0.7606796530327955,1.0864308596316201,4.6328164736028205e-05
2020-06-18,TSLA,231293.60365682843,0.748249807674579,1.1106709754494941,3.139749260500674e-05
2020-06-19,TSLA,230628.61550088544,0.7359453391079358,1.134752419016375,2.2765142520513193e-05
2020-06-22,TSLA,229165.62373911313,0.7235594002405262,1.1595760509529964,1.655450134760078e-05
2020-06-23,TSLA,230829.00574189684,0.7120007854884073,1.184052833977369,1.1175405182972419e-05
2020-06-24,TSLA,221751.75734835575,0.7004043789418826,1.2070549124751093,1.0011884276988779e-05
2020-06-25,TSLA,227304.51180971425,0.690921273932362,1.229222972620958,6.255060715130188e-06
2020-06-26,TSLA,221486.63830468777,0.6808753757864332,1.2506790533085677,5.2928633204165535e-06
2020-06-29,TSLA,232492.39089654756,0.673966944973022,1.2691521201752118,2.9645791519044514e-06
2020-06-30,TSLA,248119.89245503352,0.6690722486409723,1.283852902389771,1.5492856279946039e-06
2020-07-01,TSLA,256932.01844314273,0.6637912714814589,1.298135947992294,9.727250990898218e-07
2020-07-02,TSLA,276682.51893067994,0.661317243660061,1.3074223644790584,5.009128187027445e-07
2020-07-06,TSLA,312792.8946634545,0.6650384206180718,1.3032801666507101,2.273473155265395e-07
2020-07-07,TSLA,316849.39466311195,0.6662228185141087,1.3008921758623218,2.166712783968934e-07
2020-07-08,TSLA,311530.27015560924,0.6670945571293393,1.2981529822990572,2.57428954285799e-07
2020-07-09,TSLA,317814.5201780282,0.6684978550812327,1.2955165102011987,2.3444354489762447e-07
2020-07-10,TSLA,351164.2702762799,0.673452074896766,1.287144690268123,1.3390713648671829e-07
2020-07-13,TSLA,340591.6458314996,0.6769072271705646,1.2779503180243639,1.9913966096781448e-07
2020-07-14,TSLA,344980.6458260608,0.6796952834706442,1.2718403794113118,2.0415931960393122e-07
2020-07-15,TSLA,351464.3958347157,0.6819035918779464,1.2673042918105686,1.950394756495308e-07
2020-07-16,TSLA,341390.52147022594,0.6838971381410062,1.2617283585097798,2.6615259404626507e-07
2020-07-17,TSLA,341457.0214466146,0.6858005596012752,1.2573492655987546,2.8851118784784943e-07
2020-07-20,TSLA,372944.7715550343,0.6910270760884,1.2481880997677677,1.8538142600925023e-07
2020-07-21,TSLA,356420.39722737565,0.6943312617847981,1.2393279860560178,3.0113878250938045e-07
2020-07-22,TSLA,361740.39720924007,0.6980922487579501,1.231364678901748,3.1616569886565e-07
2020-07-23,TSLA,344151.1470190676,0.7001280048735826,1.2252842065620917,4.956441959322419e-07
2020-07-24,TSLA,322872.02251546236,0.702279658476749,1.2184298677126315,8.541094331009722e-07
2020-07-27,TSLA,350037.2727978234,0.7076387448763628,1.2093439390124139,5.935585115021815e-07
2020-07-28,TSLA,336039.0224525608,0.7110155311306038,1.2007544757956725,9.032981249533738e-07
2020-07-29,TSLA,341060.64836827986,0.7149375332765836,1.1928249951642396,9.468776094775437e-07
2020-07-30,TSLA,338500.3981542954,0.7183683496946427,1.1853091406049503,1.1349532466646741e-06
2020-07-31,TSLA,325898.64754468424,0.7218907020165267,1.1766920112768449,1.6706495876774177e-06
2020-08-03,TSLA,337936.0237187628,0.7266888701751633,1.167861563077645,1.558632026224921e-06
2020-08-04,TSLA,338368.2734687995,0.7304508615910167,1.1601550943699346,1.7681905034082477e-06
2020-08-05,TSLA,337936.02316800685,0.7339844550916467,1.1529052735465293,2.0198371093385527e-06
2020-08-06,TSLA,338967.64915158576,0.7363694166416148,1.1481639294237582,2.1531421756805346e-06
2020-08-07,TSLA,330788.14848013385,0.7385492658568205,1.1430219294262653,2.7181038932305513e-06
2020-08-10,TSLA,323207.1477013065,0.7404925275752542,1.138402233088417,3.36545265146265e-06
2020-08-11,TSLA,313432.52276218217,0.7422534036350129,1.1339035079148883,4.3321021665523095e-06
2020-08-12,TSLA,353399.0248114672,0.7503768843917211,1.1215563618679296,2.659669988985567e-06
2020-08-13,TSLA,368096.40116985724,0.756813111866348,1.1101946563895886,2.5531614485113897e-06
2020-08-14,TSLA,374679.90107506776,0.760885808580428,1.1028569939717994,2.616813086693599e-06
2020-08-17,TSLA,415677.15238506516,0.7644827589077049,1.0986073461478463,1.5355747772318774e-06
2020-08-18,TSLA,427082.77893487737,0.7667824062914179,1.0948821963243383,1.4005869339867526e-06
2020-08-19,TSLA,425187.52879534074,0.7682308521638187,1.0920493443843506,1.5147070976654972e-06
2020-08-20,TSLA,452519.02923886245,0.7715112163286945,1.0872796042174984,1.1424469039381473e-06
2020-08-21,TSLA,463193.1559364256,0.7711117724874981,1.0885200582941392,9.708767941567288e-07
2020-08-24,TSLA,455246.4058600636,0.7698283781776131,1.0905596830282642,1.0367111552658543e-06
2020-08-25,TSLA,457274.6559327729,0.7689427846854769,1.0923193159251328,9.763126262041916e-07
2020-08-26,TSLA,486036.7828671443,0.7698171257761199,1.0919351588266029,6.789099845029497e-07
2020-08-27,TSLA,505022.53303831373,0.7699725115261467,1.0923968731577525,5.311443432592579e-07
2020-08-28,TSLA,499403.28300016915,0.7696153863163556,1.0928515067246887,5.641879319699977e-07
2020-08-31,TSLA,561082.9099850302,0.7728207010969959,1.0889750929419264,2.941977604121718e-07
2020-09-01,TSLA,535280.9098362903,0.7739604562282714,1.086013234693775,4.203657872898494e-07
2020-09-02,TSLA,504591.15953509597,0.7764411244780235,1.0803044212759623,6.778486576233969e-07
2020-09-03,TSLA,459870.78543128754,0.7802730806561743,1.071388878825144,1.4012002892328787e-06
2020-09-04,TSLA,472406.0354976739,0.7837610493461145,1.065569336007218,1.3344730908367744e-06
2020-09-08,TSLA,374751.65459033736,0.7956007410115203,1.0391632368165955,7.732208332124477e-06
2020-09-09,TSLA,414718.15389571514,0.8152392147807407,1.00760901902893,7.704670863504134e-06
2020-09-10,TSLA,420337.3986999725,0.8318069842130997,0.9803582735598534,1.1355006655840528e-05
2020-09-11,TSLA,421867.7680967794,0.8466566092441071,0.9565583851079655,1.6509167894942724e-05
2020-09-14,TSLA,473837.5205775902,0.8650294586015652,0.9301869515363661,1.4605834454140155e-05
2020-09-15,TSLA,507253.7677751632,0.8824649005683175,0.9051444338372479,1.6129119446385343e-05
2020-09-16,TSLA,498376.8807124194,0.8974557334554419,0.8830593222337062,2.5301524946500305e-05
2020-09-17,TSLA,478061.10354730795,0.9116007329689924,0.862411411374264,4.242901100620874e-05
2020-09-18,TSLA,498809.09290715307,0.9262404400689167,0.8429568387328602,4.820109552676344e-05
2020-09-21,TSLA,506856.45168590185,0.9389838211108648,0.8261204944049206,5.8858457668822e-05
2020-09-22,TSLA,478959.64117667923,0.9505125669868316,0.8101875701046228,9.456562888491421e-05
2020-09-23,TSLA,430348.8601014593,0.9630989341323893,0.7924044503600246,0.0001850090251198665
2020-09-24,TSLA,438561.5645765815,0.9735687892434777,0.7796141962608022,0.00020675666206126974
2020-09-25,TSLA,460240.5639917896,0.9839094551263707,0.7676535316750769,0.00020547940348448077
2020-09-28,TSLA,475602.9230383679,0.993451036116755,0.7566039141353101,0.00021377563539391083
2020-09-29,TSLA,473242.12347735424,0.9990469057628641,0.7498611341534863,0.0002395519406016237
2020-09-30,TSLA,484247.8671404685,1.0047386289293774,0.7434606336610977,0.00024187366840077506
2020-10-01,TSLA,505495.518467269,1.010746612022017,0.7370063083251048,0.00022808740574148457
2020-10-02,TSLA,468820.58904170763,1.0149330574555737,0.7311392259927478,0.0003219618312162075
2020-10-05,TSLA,480557.83406565053,1.0206676285872214,0.7248914568550355,0.0003227472674033504
2020-10-06,TSLA,467591.09416531405,1.025169000849879,0.7193924165320523,0.0003820399065669487
2020-10-07,TSLA,480159.598867007,1.0305264082015806,0.7137022810205206,0.0003780449324964414
2020-10-08,TSLA,480824.5574484278,1.0341856948306627,0.7096194755170053,0.0003980382857763958
2020-10-09,TSLA,489802.94157087756,1.0376572844091019,0.7059912093182857,0.00039367953265972
2020-10-12,TSLA,498979.95055021567,1.0409636076077806,0.70256321888812,0.0003882073634947519
2020-10-13,TSLA,503801.23553447926,1.0401485052642458,0.7035853465398463,0.00037074106641908595
2020-10-14,TSLA,520061.446404447,1.0395257210464597,0.7046643384124215,0.000328564220714149
2020-10-15,TSLA,506295.9084718564,1.0372415481414357,0.7068719287330432,0.00034845119902118896
2020-10-16,TSLA,496088.1547743475,1.0331770900675379,0.7111512995046995,0.0003513892407373894
2020-10-19,TSLA,486280.27703011414,1.02931669991709,0.7152272360974502,0.000355150404740326
2020-10-20,TSLA,476438.38971936546,1.0142518601135735,0.7321435002048485,0.00030081812732237167
2020-10-21,TSLA,477203.2841753558,0.9976879246388762,0.7515861987266325,0.00022732331610185265
2020-10-22,TSLA,480695.5246622337,0.9819557898028951,0.7706636208570532,0.00016821647795878955
2020-10-23,TSLA,474976.59021303523,0.9666683920033496,0.7894425993710787,0.00013357635701387828
2020-10-26,TSLA,474577.6610279873,0.9482787883302182,0.8129331193463447,9.43801888787258e-05
2020-10-27,TSLA,479466.34541420965,0.9294824756529433,0.8379541918800917,6.176586445988543e-05
2020-10-28,TSLA,458784.86536361027,0.9109707567242137,0.8625947600147347,5.067860855670695e-05
2020-10-29,TSLA,464104.89433851396,0.8937114054588511,0.8872517148481414,3.266011989718623e-05
2020-10-30,TSLA,438869.02983691794,0.8762908851964231,0.9117874911170218,2.839463536298449e-05
2020-11-02,TSLA,452667.79713552323,0.861266410565734,0.9351090340223657,1.6835846316815653e-05
2020-11-03,TSLA,478603.68691285315,0.8475112758901195,0.9575875426705936,8.778378720220613e-06
2020-11-04,TSLA,475378.4417758326,0.8299524421940138,0.9857926571673125,5.5556594037982255e-06
2020-11-05,TSLA,494330.945463677,0.814199298424692,1.012856250008881,2.7693346801418673e-06
2020-11-06,TSLA,485321.07496435504,0.7976680311133416,1.0411512583926552,1.8199609378075343e-06
2020-11-09,TSLA,475678.57575904735,0.7816144103287492,1.0695919671519578,1.199044849425857e-06
2020-11-10,TSLA,463608.8262257409,0.7663468908164336,1.0974714727153472,8.237560314270259e-07
2020-11-11,TSLA,471090.9549242493,0.7522059990136083,1.125041304492773,4.3721742316861807e-07
2020-11-12,TSLA,465139.20512374846,0.7375865248480726,1.1539022608979919,2.67966721980917e-07
2020-11-13,TSLA,461548.205258089,0.7218391921436953,1.1862935810265336,1.4678894174057054e-07
2020-11-16,TSLA,461083.5836734329,0.7065667054150047,1.2190996902598223,7.513589805170053e-08
2020-11-17,TSLA,498223.833715388,0.6951077412160162,1.2463918908363478,2.3564704884137283e-08
2020-11-18,TSLA,548132.0837413307,0.6875535492989702,1.265707446506945,7.212373823216946e-09
2020-11-19,TSLA,562131.2121692272,0.6796384005298136,1.2847052043959966,3.752770128826137e-09
2020-11-20,TSLA,551424.7121723605,0.671861308037549,1.3028535963913908,2.850508082830689e-09
2020-11-23,TSLA,587168.4621738782,0.6666617711744114,1.3167682350062804,1.1850788830744694e-09
2020-11-24,TSLA,624342.8406895685,0.6629224882691012,1.3271607231906175,5.302102488143531e-10
2020-11-25,TSLA,644957.8406897543,0.6591278054447662,1.3372079470214961,3.041800817895206e-10
2020-11-27,TSLA,657992.7192928463,0.6549989058130977,1.3479618008986622,1.9028504975092e-10
2020-11-30,TSLA,637876.4692928402,0.650937335451285,1.3577201555520615,1.9592344992759633e-10
2020-12-01,TSLA,656895.4692929081,0.6474226793342358,1.3673108964340288,1.1479727304119698e-10
2020-12-02,TSLA,639240.5979837684,0.6437927480413673,1.3762267436766495,1.1711886074326652e-10
2020-12-03,TSLA,666439.0979824782,0.6413204367668474,1.3834918271379029,6.426209588707158e-11
2020-12-04,TSLA,672723.347983824,0.6387089017463958,1.3905626710798251,4.819560332840355e-11
2020-12-07,TSLA,720072.2267625805,0.6378042600138456,1.3941748724706526,2.2128450574552987e-11
2020-12-08,TSLA,729082.9767625842,0.6364150704943978,1.3980917713407415,1.743408765537695e-11
2020-12-09,TSLA,678742.4767625674,0.6372456528053453,1.3946122629675977,3.945765450174146e-11
2020-12-10,TSLA,703780.6056291949,0.6377469587135944,1.3939267808782865,2.8067026775953587e-11
2020-12-11,TSLA,684861.3556291863,0.6384156657979352,1.391663218703164,3.92444293107288e-11
2020-12-14,TSLA,717945.9845837086,0.6380462390809051,1.393476850670597,2.3303822971424726e-11
2020-12-15,TSLA,710630.9845837073,0.6374544457581361,1.3948735435716786,2.4817844457013047e-11
2020-12-16,TSLA,699026.7345837052,0.6364873306724896,1.3971618351707598,2.743012088429227e-11
2020-12-17,TSLA,735735.6136261236,0.6365075867530213,1.3979937750426208,1.5991911075880266e-11
2020-12-18,TSLA,779093.6136261289,0.6370941610140648,1.3973680122183332,9.066574951405526e-12
2020-12-21,TSLA,729052.36362612,0.6388628542231274,1.3915693585536524,2.111541335155146e-11
2020-12-22,TSLA,718512.9927564325,0.6407405405703299,1.386351568883368,2.8396280891801783e-11
2020-12-23,TSLA,724763.9927564324,0.6420071173787337,1.3831640022020333,2.8529490585832717e-11
2020-12-24,TSLA,742253.4927564353,0.6433407993864422,1.380063810150785,2.4590129095477923e-11
2020-12-28,TSLA,744382.3719746704,0.6441739144498932,1.377929549931038,2.5437356100436648e-11
2020-12-29,TSLA,746942.6219746703,0.6447870603366466,1.3763848911261884,2.5700646431707346e-11
2020-12-30,TSLA,778830.2512808384,0.6457586872742118,1.3745218452765606,1.7893178294699403e-11
2020-01-02,XOM,274907.6957848952,0.439759541168225,1.7959807313332896,7.12671901527408e-05
2020-01-03,XOM,273084.8688618697,0.43914767510664177,1.796228783581513,7.404115146050254e-05
2020-01-06,XOM,274827.3805769202,0.4397241044046327,1.7959951594798702,7.142564882342549e-05
2020-01-07,XOM,272957.36798658734,0.4391052067187299,1.7962459908011192,7.423655882073295e-05
2020-01-08,XOM,269562.02948212734,0.43795040390840895,1.796712782847448,7.969643737711906e-05
2020-01-09,XOM,271262.0418879218,0.43852750287906445,1.7964801946134177,7.693165957816026e-05
2020-01-10,XOM,269264.5272774841,0.43784848564267687,1.7967545533341083,8.019070490828627e-05
2020-01-13,XOM,271394.2290784848,0.4385629173171099,1.796465949062763,7.676423191921941e-05
2020-01-14,XOM,269481.7151348012,0.4379135889189064,1.796728263368596,7.987396430278893e-05
2020-01-15,XOM,269099.2122770572,0.437782569301849,1.7967813365271506,8.051200180376758e-05
2020-01-16,XOM,268253.8925650786,0.4374825119582663,1.7969025067445545,8.19877868007969e-05
2020-01-17,XOM,267403.8859885896,0.4371882161539301,1.7970212738846774,8.345421383404077e-05
2020-01-21,XOM,264263.5476868747,0.43607529729802713,1.7974690025099787,8.917353527071001e-05
2020-01-22,XOM,262988.53683377925,0.43561949198189637,1.7976528587153184,9.159412292233754e-05
2020-01-23,XOM,261675.71290964063,0.4351361911549605,1.797846946035653,9.421364782158106e-05
2020-01-24,XOM,260230.6998033872,0.434609103777359,1.7980583385325482,9.713175834460642e-05
2020-01-27,XOM,255130.64979879392,0.43270183360899445,1.7988179878191923,0.0001082440298509087
2020-01-28,XOM,254837.83486767096,0.4325794929075891,1.7988698299108377,0.00010897869156556307
2020-01-29,XOM,253095.31626792636,0.4319084377385052,1.7991370600686758,0.00011311452993416369
2020-01-30,XOM,255305.33973763086,0.43275791898571125,1.798798934614555,0.00010789696996075825
2020-01-31,XOM,246724.92938409734,0.429368226861067,1.8001289714410145,0.0001298346815864981
2020-02-03,XOM,242219.86963772052,0.4274925188859489,1.8008823597153736,0.0001431845736236662
2020-02-04,XOM,239797.3345993912,0.42645604483305066,1.801291854681693,0.00015098066702967205
2020-02-05,XOM,248684.6438104028,0.43014272509832235,1.7998597278017165,0.00012447396317722304
2020-02-06,XOM,245922.10852698146,0.4290257557352573,1.8002798591309526,0.0001321662800276091
2020-02-07,XOM,244604.5912739031,0.4284815248326968,1.8004952455143852,0.00013600209562087995
2020-02-10,XOM,242526.7522612586,0.42760122889853164,1.8008419477476663,0.0001423759867420767
2020-02-11,XOM,244396.77787585752,0.4283849398078714,1.8005336088751853,0.00013669051463709118
2020-02-12,XOM,246819.30940178884,0.4293826605590846,1.8001397703476256,0.00012968923839791355
2020-02-13,XOM,245718.98513906656,0.4289218986268443,1.8003214285569586,0.00013289100737548333
2020-02-14,XOM,244784.1896259128,0.41804871064085347,1.8498635178441676,9.081165203877988e-05
2020-02-18,XOM,242281.5068512177,0.40696148086199624,1.9000256290984394,6.380742325784874e-05
2020-02-19,XOM,243769.10950299652,0.3978597282034482,1.9500037505578705,4.019251828893164e-05
2020-02-20,XOM,242239.16601640056,0.38793990726029065,2.0008520246324344,2.6966201356827217e-05
2020-02-21,XOM,239863.89235100444,0.3780355410665715,2.052324446294779,1.8345013121852496e-05
2020-02-24,XOM,230811.40387550913,0.36658725096347344,2.100810616886574,1.5706571743477654e-05
2020-02-25,XOM,223756.41409334814,0.35659472823410376,2.14626649283516,1.3187141228842188e-05
2020-02-26,XOM,219893.6172213484,0.34815426145673123,2.1913191941378924,1.009264004464907e-05
2020-02-27,XOM,209481.11657589691,0.33828707859110935,2.228674010439893,1.050952637166241e-05
2020-02-28,XOM,214751.12906950703,0.33648495406971707,2.2571789661381043,6.738574373026e-06
2020-03-02,XOM,222745.82893305653,0.33732139348421164,2.2737865512283055,4.3206793811709995e-06
2020-03-03,XOM,214288.32613314377,0.33215943436622025,2.286811961213027,5.254052281016213e-06
2020-03-04,XOM,217948.02180322763,0.33258972343832255,2.2943752221698737,4.274971856774497e-06
2020-03-05,XOM,210425.5181822931,0.32890031693896066,2.298780539844114,5.468374269879348e-06
2020-03-06,XOM,202520.51203282364,0.32551333295271645,2.2979727772449072,7.4790368946573595e-06
2020-03-09,XOM,183527.65802317625,0.321124835913483,2.258222444290529,2.195149979396111e-05
2020-03-10,XOM,188585.14223490408,0.33046982231654015,2.2111562941351957,2.6338263139889213e-05
2020-03-11,XOM,183910.08353423316,0.3336996436557424,2.170126487145711,4.321241139917688e-05
2020-03-12,XOM,168232.00211694153,0.33244294204474995,2.1091418701981266,0.00011956837939770683
2020-03-13,XOM,171334.32067159787,0.343841424446396,2.049482499673228,0.00016296191203770915
2020-03-16,XOM,159476.02191599773,0.3443848337028433,1.9886479913934358,0.00036336020956501813
2020-03-17,XOM,167045.23126486974,0.36291521969612767,1.9162762969841975,0.0004562696399652478
2020-03-18,XOM,155015.27246864658,0.3651048973566425,1.8462559478855787,0.0010027826702788847
2020-03-19,XOM,159263.72327272664,0.381129651648991,1.7836574312138322,0.0012858924717070424
2020-03-20,XOM,153782.21534656474,0.3863978768093875,1.7312600430040999,0.0020040250750415164
2020-03-23,XOM,149570.05462020816,0.39162357540151976,1.685262864754483,0.002863432833255676
2020-03-24,XOM,162572.45967973498,0.42198425946756135,1.6109807622106398,0.003142756224963472
2020-03-25,XOM,168606.4389741092,0.4441301167964495,1.54517300889587,0.003947966273570213
2020-03-26,XOM,173571.82986226192,0.464495829963518,1.4866060408668706,0.004903217771394963
2020-03-27,XOM,167479.25858669108,0.47265897725686146,1.4383702015130868,0.00705820397070922
2020-03-30,XOM,169256.87343486963,0.487939990747956,1.393649917578893,0.00856706458520865
2020-03-31,XOM,170773.49486861558,0.5021175966722475,1.3539629253078809,0.01016241667849986
2020-04-01,XOM,169311.1191482947,0.5119322482707925,1.3202251420343392,0.012246944327857775
2020-04-02,XOM,178700.25608720403,0.5347969122740689,1.2811765424545722,0.012824544227485085
2020-04-03,XOM,174764.55814240492,0.5425587652661028,1.2499679378969515,0.015745700930797562
2020-04-06,XOM,178871.99364527105,0.5581575242860329,1.2197750710319777,0.017132525017182196
2020-04-07,XOM,181366.88714358563,0.5711249766203345,1.1932667932709973,0.018756752191911957
2020-04-08,XOM,189858.20048193407,0.5905476622575854,1.1650953160360114,0.01922178833931742
2020-04-09,XOM,187494.64035250925,0.5975273216023099,1.1442009692684552,0.021795158030358912
2020-04-13,XOM,186285.53668089877,0.6045947149935998,1.125797162127121,0.024047539350833428
2020-04-14,XOM,185163.26889741913,0.6104419425634839,1.1106015666360873,0.026085928968905908
2020-04-15,XOM,178795.20967523684,0.6099823336804072,1.0981453986278047,0.029629817760533427
2020-04-16,XOM,174428.1161105057,0.610879995492782,1.0864323506614042,0.03272927572649292
2020-04-17,XOM,187703.27171983197,0.633890524197319,1.0660932115734638,0.030866632687644016
2020-04-20,XOM,181027.26143452732,0.6342567407116633,1.0522295280302871,0.035173955857125024
2020-04-21,XOM,180289.2728602391,0.6369644523265383,1.0452930842297912,0.03649797826895146
2020-04-22,XOM,184076.656537805,0.6443905160595852,1.0380619899455337,0.036174252187776604
2020-04-23,XOM,188414.54393590355,0.6520017646772062,1.0313139491083358,0.03560784348776547
2020-04-24,XOM,189312.3232393224,0.6522662106180005,1.0324246245554711,0.035117536959389135
2020-04-27,XOM,190001.68652035258,0.6522354448757305,1.03368707730467,0.0346907614432646
2020-04-28,XOM,193380.54847407024,0.652448767357851,1.0392040412183385,0.0327275522252671
2020-04-29,XOM,201573.82455689515,0.6569497679109164,1.043900562836286,0.029499921950665923
2020-04-30,XOM,198359.03240031746,0.6479290171681237,1.0565109437502842,0.02880860572948973
2020-05-01,XOM,187463.66526037932,0.6329085722040596,1.0675386128701065,0.03076998988710324
2020-05-04,XOM,193187.94580802976,0.6341510276543766,1.0755570126265377,0.027930235255177967
2020-05-05,XOM,193036.88691429567,0.6290209226873004,1.0858955268850556,0.026712739094771672
2020-05-06,XOM,190290.4409949699,0.6184091824663178,1.103279296988579,0.02546078979200354
2020-05-07,XOM,191121.26582923278,0.6112400642336703,1.1204323963739315,0.0233299167675219
2020-05-08,XOM,197489.33890995436,0.609699059743689,1.1356072277449372,0.020204648833777226
2020-05-11,XOM,196102.05765898834,0.6005027749096981,1.1538514799062345,0.01883372134788911
2020-05-12,XOM,193605.9719591037,0.5908209867869357,1.1715652833883325,0.017838308342941592
2020-05-13,XOM,186343.901297788,0.5776409664816373,1.1881086824682598,0.01806347961260647
2020-05-14,XOM,187547.69318926838,0.5729513452187803,1.202136931034109,0.01664389602606998
2020-05-15,XOM,186581.85307042918,0.5650651408224143,1.2196843750854516,0.015498698350140212
2020-05-18,XOM,197702.67299846717,0.5698876937970416,1.2304605977084748,0.012693475225816006
2020-05-19,XOM,193072.38407114366,0.5608037010853909,1.2443971325934264,0.012591885674297814
2020-05-20,XOM,197844.3127919834,0.560437955118528,1.2550117212081664,0.011186838794036731
2020-05-21,XOM,195133.27586460442,0.5528752266476086,1.2694364319014562,0.010789917784349857
2020-05-22,XOM,195267.42229767525,0.5479751103801683,1.2828833276207452,0.01005188346232278
2020-05-26,XOM,199659.023240194,0.5470523458628215,1.2943149340680036,0.00890070314264718
2020-05-27,XOM,200769.7469345011,0.5435434537995476,1.3062014707949658,0.00822561826013622
2020-05-28,XOM,196781.20761519676,0.5356153406316535,1.3202347364648686,0.008095307420347716
2020-05-29,XOM,198232.08451436326,0.5320069239408753,1.3335890302826179,0.007377682698582013
2020-06-01,XOM,200917.98660876288,0.5267550618362421,1.3544543345879052,0.006325126107102254
2020-06-02,XOM,204373.12808287764,0.5216112667360486,1.376776024777263,0.0052983992215417716
2020-06-03,XOM,210798.20755429298,0.519118164510152,1.3969384953673096,0.004267708607515516
2020-06-04,XOM,210334.41486971313,0.5118590555610549,1.418621456879779,0.003787711781033574
2020-06-05,XOM,223563.12399968164,0.5153218102942864,1.4317342204510684,0.002826973245045002
2020-06-08,XOM,229091.25662825606,0.5138632506972663,1.4455961286611725,0.002371021403029744
2020-06-09,XOM,225054.30578675834,0.5073304591084316,1.4599634464084097,0.002313255706386719
2020-06-10,XOM,215495.30301507827,0.4985837742354887,1.4714923342032833,0.002529899341591392
2020-06-11,XOM,200616.53715865218,0.4874939039268476,1.477996428830092,0.003153017926698198
2020-06-12,XOM,203932.9191716586,0.4890332228425859,1.4801047039544353,0.002936210432693543
2020-06-15,XOM,203811.14622981532,0.4863510982007987,1.4889679559356357,0.0027919112928284488
2020-06-16,XOM,207340.62070935874,0.48604704263987886,1.4976255996129073,0.0024876311002379596
2020-06-17,XOM,202112.61764519385,0.48020524086141947,1.5065436683462838,0.0025910165567375756
2020-06-18,XOM,203095.87785072465,0.4786659702436876,1.5141426250512788,0.0024316154799184256
2020-06-19,XOM,199950.79630487604,0.47450254486731075,1.5217501873955026,0.0024620707200241013
2020-06-22,XOM,201439.47165683532,0.47320702126346714,1.529873502947045,0.0022796505336474004
2020-06-23,XOM,202380.1187415908,0.4715879328549234,1.5378636974245838,0.0021339313791665874
2020-06-24,XOM,195068.94225588796,0.4648274502458105,1.5450475694819243,0.0023502901877435257
2020-06-25,XOM,197280.18482875425,0.46426255121934945,1.5526507627161357,0.00215081596637242
2020-06-26,XOM,192141.76006753466,0.45876067059313175,1.5601086729312712,0.0022756831731687074
2020-06-29,XOM,194480.27588931075,0.4590207812124806,1.5652093827860603,0.0021070850049680276
2020-06-30,XOM,195799.06857499955,0.4565694476398643,1.5779124486989309,0.0019000651044890201
2020-07-01,XOM,192446.57975921885,0.45067926113605455,1.5918711696904742,0.0018687528410148593
2020-07-02,XOM,193680.24948977513,0.4480611993940127,1.605450129195672,0.0016767052305224684
2020-07-06,XOM,194705.95576072944,0.4453555873065391,1.6188938285518057,0.0015109296401598256
2020-07-07,XOM,190881.0554055892,0.43951221859213313,1.6321145393101453,0.0015101046692985798
2020-07-08,XOM,190546.4165493458,0.43607845715194105,1.6452422657159995,0.0014030375161820968
2020-07-09,XOM,184638.56892581572,0.4290487742405336,1.6572395016848953,0.0014848388383880582
2020-07-10,XOM,188932.16200119726,0.43018504112769856,1.6652966907264006,0.001283564667411788
2020-07-13,XOM,188979.77889338866,0.4281116330285976,1.674213897714107,0.0012132820172787873
2020-07-14,XOM,193655.63835473004,0.42981446236550724,1.6803067971041528,0.0010507360759203107
2020-07-15,XOM,195526.1119541265,0.4293885053787179,1.6873007857189017,0.0009631461746161245
2020-07-16,XOM,194341.04393593324,0.4262656984424812,1.6974888405783022,0.0009268417784342759
2020-07-17,XOM,191833.60664783503,0.4224109679643133,1.7072580475227115,0.0009220344231450946
2020-07-20,XOM,188433.92546256725,0.4154781816092105,1.7281407731278535,0.0008734988823542135
2020-07-21,XOM,195579.66311526796,0.4168783154723023,1.7427197058817088,0.0006699083379336697
2020-07-22,XOM,192137.290729441,0.4111143921574399,1.7592708499887046,0.0006524734120703109
2020-07-23,XOM,192435.21840645364,0.40726412495285563,1.7782348090522748,0.000571055879421047
2020-07-24,XOM,191547.9436639407,0.4001215084652311,1.8098814047258975,0.00047246261812042105
2020-07-27,XOM,193673.48379677313,0.3952045618544539,1.840801205398589,0.00036185008866900366
2020-07-28,XOM,191931.26759716685,0.3880455739377249,1.8719837903495251,0.0003054336431809592
2020-07-29,XOM,193551.30125984192,0.3831693671842118,1.902737079137843,0.0002353191772017974
2020-07-30,XOM,186368.82719400479,0.37334744138616205,1.9322632430937048,0.00023473650106679316
2020-07-31,XOM,187049.02667076967,0.3689264954721564,1.9594664641377264,0.00018983211856529112
2020-08-03,XOM,187648.89378544418,0.36457607362250993,1.9865346749458688,0.00015361756149165636
2020-08-04,XOM,191686.5556960141,0.36294916551953244,2.0101333126970102,0.00011408868911741513
2020-08-05,XOM,192961.6465087052,0.35975098593243854,2.033569353643723,9.201305667277735e-05
2020-08-06,XOM,192243.9236495726,0.3546489653393496,2.0621888468493226,7.588804631628188e-05
2020-08-07,XOM,191606.4781799535,0.34973952412789194,2.090722742648809,6.233196657278433e-05
2020-08-10,XOM,195134.0457562561,0.34722422313503526,2.1192258532964887,4.434321068357186e-05
2020-08-11,XOM,196668.79711071998,0.34364316636514813,2.1479145710661545,3.3516454427653434e-05
2020-08-12,XOM,196668.8254338698,0.33939266047814076,2.176424630386381,2.663645371256796e-05
2020-08-13,XOM,192976.043671558,0.3333616123998598,2.2046491080324113,2.4242457423062165e-05
2020-08-14,XOM,193656.0619462687,0.32992967381519395,2.231401430087486,1.9010665326644383e-05
2020-08-17,XOM,191743.57103398326,0.3253150373924199,2.257533042732753,1.6496681847336075e-05
2020-08-18,XOM,191025.79297418927,0.32123439261875725,2.2848699981522818,1.3546626957263848e-05
2020-08-19,XOM,189453.2996661893,0.3169361326410731,2.3111743056753076,1.1592609652431047e-05
2020-08-20,XOM,187285.80582038252,0.31178183438008,2.342308616093476,9.772498346552967e-06
2020-08-21,XOM,186228.02474011987,0.30700798827362585,2.3758897981768747,7.714963558007988e-06
2020-08-24,XOM,190308.03260399651,0.3056589281478398,2.4042131799307773,5.078769337539079e-06
2020-08-25,XOM,185760.5337024355,0.29974435814194605,2.434110924560059,4.796023785554813e-06
2020-08-26,XOM,182832.74808202856,0.29490268647102835,2.4623188022022537,4.303301538233625e-06
2020-08-27,XOM,181897.75026366024,0.2913392377872041,2.489304835872566,3.562478073784259e-06
2020-08-28,XOM,185127.75320553925,0.29044072996737963,2.5125745251645135,2.49374221028537e-06
2020-08-31,XOM,182582.46714725898,0.28642413299182673,2.5370799727635434,2.273247595945665e-06
2020-09-01,XOM,180882.46849685177,0.2816487559659596,2.573426093010027,1.7930617925057457e-06
2020-09-02,XOM,180074.96971660573,0.2773482496356577,2.610788223867011,1.3389962017359273e-06
2020-09-03,XOM,179782.18438755372,0.2734937115884837,2.647383736782623,9.785182746830072e-07
2020-09-04,XOM,179697.18506930367,0.2699356818932248,2.683140698974818,7.093716392818494e-07
2020-09-08,XOM,176641.89954041442,0.26497844800920634,2.7182484904162343,6.096370802102553e-07
2020-09-09,XOM,175876.8998912568,0.2614023910489992,2.7523815085135075,4.65094954223394e-07
2020-09-10,XOM,172646.90001972386,0.2567337676312739,2.784934335933817,4.162640301036798e-07
2020-09-11,XOM,172311.61500112838,0.25270996316014055,2.828568148198072,2.8367604745243393e-07
2020-09-14,XOM,171504.11519345053,0.2485811209885536,2.8719506515955184,1.9853216318042257e-07
2020-09-15,XOM,170186.61531423687,0.24433886367834398,2.914776722018805,1.4401927646869958e-07
2020-09-16,XOM,175376.33060383724,0.24433306344270123,2.9477936402577507,7.450875511466585e-08
2020-09-17,XOM,175376.33065816734,0.24161446207489076,2.9819560590967678,5.314807042141888e-08
2020-09-18,XOM,173293.83066664872,0.2380568558137445,3.0144424089991375,4.435263978943512e-08
2020-09-21,XOM,170706.04629603427,0.23448870810324254,3.0441486395469735,3.961956346434422e-08
2020-09-22,XOM,167646.04630519322,0.2304394178133473,3.077519996020699,3.5467804689930194e-08
2020-09-23,XOM,163825.76239689934,0.22622544820770993,3.1076160123815826,3.501798303313482e-08
2020-09-24,XOM,163570.76241265878,0.22407323244844693,3.136253390942691,2.6930331495170177e-08
2020-09-25,XOM,164633.26242733363,0.222750659418197,3.1635952948804666,1.8908725273464226e-08
2020-09-28,XOM,166932.97900026853,0.22249025765040178,3.1847841515589828,1.2784542887235986e-08
2020-09-29,XOM,163447.97899825816,0.21950966270942077,3.2019847158722823,1.4132165490103065e-08
2020-09-30,XOM,163617.97900208036,0.21858795635858794,3.2171688895322994,1.1960338611943417e-08
2020-10-01,XOM,159542.69603036105,0.21582419397096533,3.225494662026393,1.5308638970791878e-08
2020-10-02,XOM,159032.69603132427,0.21503792440110267,3.2332061888376793,1.4780505147353057e-08
2020-10-05,XOM,161625.19603572128,0.21655931204681458,3.2316742472961533,1.2149499669146506e-08
2020-10-06,XOM,160439.91354160852,0.21516146400438504,3.2431234917591167,1.1943922167106772e-08
2020-10-07,XOM,160779.91354509004,0.21435626938311836,3.2584570347473805,9.951783087074726e-09
2020-10-08,XOM,166772.41355000396,0.21849229731736972,3.2430143849492827,7.141007073070876e-09
2020-10-09,XOM,164992.13152273645,0.21850214245761712,3.228932372891425,9.54056631314479e-09
2020-10-12,XOM,164652.1315212286,0.21871154061032136,3.2230988002048964,1.0406112432765559e-08
2020-10-13,XOM,163249.63151828595,0.21823876573863776,3.2191027417573523,1.2128085233093778e-08
2020-10-14,XOM,162999.34996615682,0.21832338850063063,3.2156855370448936,1.2825280103689767e-08
2020-10-15,XOM,164019.34996678098,0.21919736524799568,3.210670054175216,1.2434975092196827e-08
2020-10-16,XOM,162829.3499635068,0.21886808968962984,3.2061256987401685,1.4314140569167324e-08
2020-10-19,XOM,160539.06887766114,0.2180119050303683,3.200148566519639,1.8266217073475482e-08
2020-10-20,XOM,161474.0688784729,0.21882991775547309,3.1955843424992736,1.7741000541290714e-08
2020-10-21,XOM,159646.56887198126,0.218151139297548,3.190613469409775,2.1552462028034794e-08
2020-10-22,XOM,165431.28827097724,0.22315070892478742,3.163014187713477,1.8041458806583606e-08
2020-10-23,XOM,163051.28825172468,0.2237292897240412,3.1362480482548203,2.8267418234533724e-08
2020-10-26,XOM,160331.2882197524,0.22416864557104035,3.1083147382434313,4.56337955120096e-08
2020-10-27,XOM,158508.50804357027,0.22498685292625367,3.0817374003149176,6.754974644561261e-08
2020-10-28,XOM,154258.50796947343,0.22351479162499951,3.0663018502392614,1.0720412706443714e-07
2020-10-29,XOM,159018.5079692273,0.22891635195663587,3.031592969720765,1.043406108503236e-07
2020-10-30,XOM,157833.22821730905,0.2304076429498756,3.0017765173449624,1.5000511893624474e-07
2020-11-02,XOM,162508.22819277618,0.2362911117690136,2.960913587075936,1.5804378568505052e-07
2020-11-03,XOM,160515.44881870522,0.23774859160091485,2.92717250995642,2.4719854731105587e-07
2020-11-04,XOM,159920.44865971417,0.2393536760302533,2.9024747335880714,3.218230643387341e-07
2020-11-05,XOM,159707.94848897692,0.2410596003359618,2.879732646463976,4.003487107983285e-07
2020-11-06,XOM,158395.1695013646,0.2419211111661326,2.8590754274328942,5.244605977425807e-07
2020-11-09,XOM,172462.6691581583,0.2601826812485696,2.744127066745845,6.205206816489544e-07
2020-11-10,XOM,175267.66761003903,0.27069899582432894,2.6496893870003526,1.2393061529509844e-06
2020-11-11,XOM,173954.8856367038,0.2780334704346161,2.5698971711691723,2.6696181836252977e-06
2020-11-12,XOM,169577.37689016975,0.28265716653908385,2.5019024786809774,5.885202547085878e-06
2020-11-13,XOM,172552.3687877589,0.29144307674864267,2.4395040164259174,8.512081344617192e-06
2020-11-16,XOM,179782.0840358011,0.3034180878285163,2.374346429521781,1.0490237813855042e-05
2020-11-17,XOM,181567.06849626455,0.31139151915783947,2.3187639871716725,1.5289133917880354e-05
2020-11-18,XOM,176467.02478887065,0.31533473765551284,2.265082840411958,2.8765935141923834e-05
2020-11-19,XOM,177151.71307920222,0.3212959971883306,2.223968825602064,3.8442052397360324e-05
2020-11-20,XOM,175536.65922883802,0.3252802978056976,2.1879464675022198,5.367164438723135e-05
2020-11-23,XOM,183951.64636761879,0.3370613653337657,2.142766613404995,5.5470162740962724e-05
2020-11-24,XOM,193051.34859521463,0.34983319193360013,2.09339929134347,5.9202763197768506e-05
2020-11-25,XOM,188971.21090247162,0.35458645594982735,2.0491406351807253,9.466734233677065e-05
2020-11-27,XOM,186850.76230194105,0.36001880139052167,2.008528670293193,0.00013658428183501524
2020-11-30,XOM,179667.8767090961,0.3625114779944042,1.9668299778330738,0.00022928790564506722
2020-12-01,XOM,180985.11883368125,0.37000416594772617,1.9292956859260548,0.00028529092712373727
2020-12-02,XOM,185962.17108423487,0.37994917851193183,1.8928770836645807,0.00031730869006280435
2020-12-03,XOM,186896.86034721488,0.38639158796599915,1.862130799652061,0.00038133944806346823
2020-12-04,XOM,192039.24718466474,0.39488876835352793,1.83544079554033,0.0003984112306993352
2020-12-07,XOM,189323.49091811336,0.3976412984577114,1.813129383766881,0.0004976218960967315
2020-12-08,XOM,193955.892666569,0.40494135286632876,1.791887840764372,0.0005099367515506141
2020-12-09,XOM,195910.6823236437,0.40987800892718695,1.7741603863885216,0.000547358518516846
2020-12-10,XOM,200122.9136599704,0.4152105460239907,1.761043271857814,0.0005401317277421216
2020-12-11,XOM,199400.1681682674,0.4169035585715059,1.7512920848808828,0.0005870448356956497
2020-12-14,XOM,193921.7315310069,0.41586202380494525,1.7406062154682487,0.000718685285269476
2020-12-15,XOM,196769.20111816996,0.4199111986606667,1.7303523730088348,0.0007188044426385064
2020-12-16,XOM,199064.17108650165,0.42317572459903163,1.7220402474844578,0.0007198880759487817
2020-12-17,XOM,198303.63917617992,0.42428034450125884,1.7150391968329373,0.0007677245704101447
2020-12-18,XOM,195668.18787242856,0.4242226424189402,1.7080648406429428,0.0008538685088080717
2020-12-21,XOM,192990.18350993108,0.42407833553091184,1.7011488838202238,0.0009495792253419731
2020-12-22,XOM,190530.1400357771,0.41911746186755644,1.7158665989943864,0.000915163169487381
2020-12-23,XOM,192358.23491563185,0.41732400182241997,1.729311190744938,0.0008037615167526444
2020-12-24,XOM,191763.56203669118,0.41391802839469277,1.7430483776582264,0.000745485155411634
2020-12-28,XOM,192236.21460332014,0.41083851184650305,1.7586167427371253,0.0006657917211969172
2020-12-29,XOM,190621.44744615923,0.4064730679181789,1.7742197110366658,0.0006250714406803118
2020-12-30,XOM,191774.14041122448,0.40314524226903237,1.7935930493034598,0.0005341877829848294
2020-01-02,F,164728.59255502495,0.09862651129261069,1.70278330278319,0.03439624937369712
2020-01-03,F,164108.79512412383,0.09677893120647407,1.7022081615961295,0.03465436493328944
2020-01-06,F,163950.43413416794,0.09631666182196615,1.7020629884779528,0.034718983417818
2020-01-07,F,164227.56881452646,0.09712500139073871,1.7023165694757634,0.03460599362190301
2020-01-08,F,164241.26035384944,0.09711705168464237,1.7023140161032961,0.034607110781415804
2020-01-09,F,164280.85208569295,0.09723228259698263,1.702350030866657,0.034591008286215905
2020-01-10,F,164241.2603538273,0.09711705169164624,1.7023140159787888,0.034607110792090306
2020-01-13,F,164215.36190595553,0.09699381569377963,1.7022754653051237,0.03462433285737795
2020-01-14,F,164373.72931500047,0.09745458989055825,1.7024194355366813,0.034559944233127395
2020-01-15,F,164096.58914752427,0.09664761063862846,1.7021669065410672,0.034672726222072646
2020-01-16,F,164031.1032935102,0.09640859426500448,1.7020919085526038,0.03470613063452531
2020-01-17,F,163991.51351894392,0.09629295908070028,1.7020555445652412,0.03472229586735584
2020-01-21,F,164163.5700819536,0.09674720953351412,1.7021982313851147,0.03465879725506928
2020-01-22,F,164005.20936858436,0.09628506005372667,1.702053046832051,0.034723401301929205
2020-01-23,F,163979.31716024218,0.09616147993984288,1.7020141598383263,0.03474067708911374
2020-01-24,F,163543.8511478498,0.09488503361215542,1.7016100006367463,0.03491921235284731
2020-01-27,F,163227.17041525306,0.0939520854584203,1.7013125487617184,0.035049735764099296
2020-01-28,F,163478.37848960506,0.09464435361857995,1.7015337440954805,0.034952852979225776
2020-01-29,F,163597.1366815418,0.09499354747205972,1.7016447619663495,0.034904007089786665
2020-01-30,F,163557.55030374439,0.09487721128680142,1.7016077852125369,0.03492028159059501
2020-01-31,F,163492.0786516345,0.09463656359629485,1.701531207614163,0.03495394796956599
2020-02-03,F,163967.1270516799,0.09602995458122396,1.7019730690698704,0.03475903375671889
2020-02-04,F,164600.58590211408,0.0978743979229617,1.7025501508856788,0.034501294527583146
2020-02-05,F,162001.73620491973,0.09015845187105336,1.7000823328450883,0.03558101025086437
2020-02-06,F,161803.86630398035,0.08956362695613836,1.6998852928888122,0.03566449189630683
2020-02-07,F,161368.58146177258,0.08824937901578601,1.699448764578647,0.035848852393636096
2020-02-10,F,161263.5784068358,0.08788225361942971,1.6993264890873432,0.03590033398116017
2020-02-11,F,161382.28583166125,0.08824199476713836,1.6994466215176285,0.035849858695695874
2020-02-12,F,161777.99756497602,0.08943700244375317,1.6998436991523995,0.03568222338372197
2020-02-13,F,161831.27531346845,0.08954871133980111,1.6998803937239686,0.035666580661924706
2020-02-14,F,161418.39023193996,0.08613233924954346,1.7424497994752817,0.032250255497931035
2020-02-18,F,161332.9272595066,0.0837616104298511,1.7855704112821038,0.028985535883583383
2020-02-19,F,161151.7437741785,0.08129436936473301,1.8282105274297868,0.026060131732160662
2020-02-20,F,161245.6273553619,0.0797087275618968,1.8709054549611912,0.02331298255079516
2020-02-21,F,160875.46166078257,0.07691806539801654,1.9124804660957195,0.020999451041203283
2020-02-24,F,159894.34010807687,0.07275159097079868,1.9505015602914193,0.019217186925266874
2020-02-25,F,158910.89533601812,0.06883901377450535,1.9846121351926957,0.01776546954363958
2020-02-26,F,158851.98712309825,0.06748084140260531,2.018633119839933,0.01621936462061571
2020-02-27,F,158143.7612016139,0.06455678311950366,2.0504214841573223,0.015017849011516388
2020-02-28,F,158108.94795121095,0.0634975306428322,2.0816918208756316,0.013782816334212874
2020-03-02,F,158840.30485792184,0.06456381951175089,2.107720010608642,0.012679278116997875
2020-03-03,F,158168.98183249784,0.062151518643425024,2.130764394205262,0.01200428120491734
2020-03-04,F,158502.6615794226,0.06233583764726356,2.15233115448324,0.011234702250099187
2020-03-05,F,157472.96792415433,0.05928181342894092,2.1680190243885735,0.010920905916176536
2020-03-06,F,156720.57993791325,0.05701348587815264,2.181110612868361,0.010649255237477784
2020-03-09,F,154988.20881154644,0.05265688593319578,2.174445424421234,0.011164982696427976
2020-03-10,F,156057.1005408067,0.05596534804208014,2.153994559556012,0.0116268488806573
2020-03-11,F,154983.48759227197,0.05375452696980144,2.129480684140403,0.01266272222281164
2020-03-12,F,153327.20368281315,0.05014395351438248,2.0906143599872786,0.014447780171125083
2020-03-13,F,154153.79432626,0.05358675611072704,2.045626799613518,0.0161154475569803
2020-03-16,F,152281.5421542659,0.0497782742363142,1.9825937287567286,0.019515817544961712
2020-03-17,F,152286.05026315627,0.05108570573850558,1.9305485203791821,0.022302285400065822
2020-03-18,F,150730.64655044055,0.047706905295695816,1.8726059302040392,0.026256139438237153
2020-03-19,F,150642.63857107994,0.04844599431617438,1.8330300344878288,0.028944258765940523
2020-03-20,F,150252.10600099317,0.04804742853034234,1.7970919877967506,0.03168643065112691
2020-03-23,F,149254.29342193136,0.04563128519111961,1.7585737040736937,0.035044846463980206
2020-03-24,F,152043.42447262327,0.05982508047575123,1.6226025764344347,0.04661957965467988
2020-03-25,F,153278.71338858505,0.06956326203070366,1.4981984077099686,0.060642779929056055
2020-03-26,F,152757.51470840749,0.07254380349940433,1.394421369426269,0.07551976332264136
2020-03-27,F,152503.96550840925,0.07620320881143242,1.3076988509785978,0.08987171633161983
2020-03-30,F,151947.94547150505,0.0781206819184705,1.2322495895574574,0.10407165269488461
2020-03-31,F,151222.69053149456,0.0788850393310013,1.1654233875306552,0.11799304321306714
2020-04-01,F,149879.90256251703,0.07622287071601223,1.0996912199816031,0.1330339360860407
2020-04-02,F,149666.26447461708,0.0788481898816155,1.0452479578352833,0.14612638038172432
2020-04-03,F,149212.07876996812,0.07995504046915138,0.9958610197961314,0.15877594979739795
2020-04-06,F,149908.60805125002,0.08811064868685373,0.9518066910024856,0.17053214653249754
2020-04-07,F,150267.69150546187,0.09439360662775167,0.9103689851026421,0.18222814107175345
2020-04-08,F,151035.12547153048,0.10383986179084928,0.8717631288538336,0.1936713378418934
2020-04-09,F,151776.03989217978,0.11368446885370351,0.8347614864924441,0.20519260839243803
2020-04-13,F,151051.15621543024,0.11392512342543511,0.7942017671776492,0.2181854737401796
2020-04-14,F,151208.82880849828,0.11977951326581009,0.7622564655414074,0.22890504276798107
2020-04-15,F,150340.5402703771,0.11836929198091105,0.7272367073443534,0.2406945678286736
2020-04-16,F,149916.41801102064,0.11969132157844163,0.6976302504669724,0.2509905948792943
2020-04-17,F,150217.2016974142,0.12628383905986099,0.6746904571151418,0.259467930984402
2020-04-20,F,149698.74519784428,0.12639726676903693,0.6491237094747984,0.2686366906770213
2020-04-21,F,149006.06842515498,0.12412636943803772,0.6268601446978388,0.2765384167622214
2020-04-22,F,148906.26028747,0.12598522729700093,0.6119245091143471,0.28215662586427204
2020-04-23,F,149112.1144184102,0.13030759307993225,0.601195341443144,0.28648705804912433
2020-04-24,F,149011.25797464277,0.13108466709854436,0.5928642836238033,0.28965293637098966
2020-04-27,F,149708.53760466658,0.13867967104705667,0.5902638442574175,0.2912996500996566
2020-04-28,F,150236.86759122717,0.14369194803732246,0.5918166606121555,0.29115530037945225
2020-04-29,F,149905.18097489933,0.1414265124415309,0.5871577483350083,0.2927121158172909
2020-04-30,F,149494.5210845292,0.1372552391265568,0.5862546493640126,0.2926786861458047
2020-05-01,F,149064.45212606242,0.13317585950919492,0.5845553961483496,0.29294658424981884
2020-05-04,F,148944.79327382037,0.13171681836659874,0.5854898806856309,0.2924635353140144
2020-05-05,F,149272.1274098429,0.13343599985452528,0.5922871306978992,0.29007721113844354
2020-05-06,F,149272.65917689065,0.1274676159825012,0.6202873668687248,0.2792080808417337
2020-05-07,F,149517.54443271423,0.1233573594193607,0.6532975801698282,0.2669179658277835
2020-05-08,F,150723.468502321,0.1274589679356612,0.6888592487246598,0.2545163087522091
2020-05-11,F,150553.8788032495,0.12142649472781111,0.7149262400850603,0.2450777453657328
2020-05-12,F,150361.6287131788,0.11571849777232926,0.740392989663104,0.23609922156264923
2020-05-13,F,149797.77025329738,0.10780410966589661,0.7624301254371261,0.22840457647623003
2020-05-14,F,150417.8177044329,0.10817567451847368,0.7946588381567746,0.21788105603208657
2020-05-15,F,150590.41726459487,0.1056428075183367,0.8237080763912675,0.20854670093779132
2020-05-18,F,151859.21494459728,0.11063517821050986,0.854228723971585,0.1990806316031309
2020-05-19,F,151936.755137004,0.10788281247132472,0.8804239214300918,0.19106328558111546
2020-05-20,F,152602.03561718224,0.1088603727629871,0.9085966893546228,0.18265371528544194
2020-05-21,F,153097.52409159034,0.10852240006055776,0.937403196771861,0.1742749786065073
2020-05-22,F,153280.13446902917,0.10631402556892933,0.9670230283638279,0.16594312689069923
2020-05-26,F,153924.25298164008,0.10665260439786411,0.9981915913630117,0.15738005118861326
2020-05-27,F,154586.29649515037,0.10724078778202935,1.0282545822709208,0.14935476994928915
2020-05-28,F,154150.55782927835,0.10209372349427993,1.054952902733131,0.14270493778377497
2020-05-29,F,153804.12791843977,0.09779317339910629,1.0810864691009383,0.13640572595102574
2020-06-01,F,154333.4899609484,0.09802572688369489,1.1097168276046117,0.1294851886998944
2020-06-02,F,154527.29938092173,0.09655582706790822,1.1373176980007051,0.12313526468115787
2020-06-03,F,155438.0488696212,0.09855594737700765,1.166906490541118,0.11632286009129461
2020-06-04,F,156575.09243182754,0.10169049983069614,1.1937758929240407,0.11021850853219745
2020-06-05,F,158911.11961795963,0.11061129624344516,1.2125650595106638,0.10547413226259844
2020-06-08,F,159484.21104246483,0.11188273202324578,1.2264102443753624,0.1024601422830752
2020-06-09,F,158650.9365137752,0.1073912707459299,1.2359638722752533,0.10089278064327928
2020-06-10,F,157431.96344685165,0.10158715348558935,1.2402165282626787,0.10054150474852092
2020-06-11,F,155401.9391505264,0.09308129609316315,1.231762399815977,0.10297814046582393
2020-06-12,F,156367.3472974658,0.09758162906152405,1.2305694951452437,0.10284548293821022
2020-06-15,F,156494.57469918122,0.09819862242036807,1.229172666299849,0.10307895891083296
2020-06-16,F,156648.10446582094,0.09895010951549604,1.2284775095906364,0.10315791731830909
2020-06-17,F,155981.8136911978,0.09625952799568757,1.2241030822513677,0.10428059003435586
2020-06-18,F,155992.15253186293,0.09637553820686524,1.222314904147907,0.10463920078637845
2020-06-19,F,155715.9256866665,0.0953303469355528,1.2194045662623878,0.10532553559641
2020-06-22,F,155836.88156472638,0.09568491575948031,1.2220155784093876,0.10475761118476373
2020-06-23,F,155505.1885467631,0.09397677175824928,1.2233959140289887,0.10461318968923711
2020-06-24,F,154886.9684397435,0.09109607344536874,1.2235648619567323,0.10481167204410446
2020-06-25,F,155168.2032840271,0.0919632926359489,1.229448521230577,0.10354025389737909
2020-06-26,F,154802.00454744705,0.08991489272837641,1.23330681379319,0.10292538140892143
2020-06-29,F,155120.9079520137,0.09099292196622427,1.238677152549169,0.10175502081319177
2020-06-30,F,155332.89539416714,0.09118432158495271,1.2493150485731568,0.09961799518015302
2020-07-01,F,155089.67765282592,0.08940034088852485,1.2578491232230304,0.098091451105903
2020-07-02,F,155300.21402057668,0.08962681605042132,1.2680524535264184,0.09609170793519661
2020-07-06,F,155757.62307019514,0.09085785983029337,1.278413158886735,0.09399929192944906
2020-07-07,F,155537.20063085217,0.08932332886936174,1.2864746913512395,0.09261319089497905
2020-07-08,F,155486.80814098206,0.08842230899202344,1.2953998439990417,0.09102928248817077
2020-07-09,F,154757.03441597382,0.08482010888415034,1.3014983250722707,0.09023171628312815
2020-07-10,F,155546.87903584875,0.08771446552458763,1.3097843306173034,0.08845562041379618
2020-07-13,F,155453.11653033755,0.0868132549665068,1.316278869982938,0.08736634423387668
2020-07-14,F,156358.65237672217,0.09022373117380965,1.3230567602970211,0.08583114981599194
2020-07-15,F,157455.51662386366,0.0945755735460356,1.326624840659067,0.0847753318260902
2020-07-16,F,157865.17479213185,0.09593025523051307,1.3304942534887512,0.08395517580754114
2020-07-17,F,157678.8866296313,0.09473732962517842,1.336473529480109,0.08301856686414982
2020-07-20,F,157277.3989204704,0.09171839117411207,1.3564091616316833,0.07987523988734979
2020-07-21,F,157397.15882898695,0.09073355807113746,1.3775566928658465,0.0764377170397989
2020-07-22,F,157894.10736468795,0.09127789257467409,1.3994072003070577,0.07284619821255707
2020-07-23,F,158354.49418634665,0.0914719263199231,1.424083727132443,0.06897526938355461
2020-07-24,F,158092.81219044354,0.08822927893454602,1.4593725387917704,0.06407834721906856
2020-07-27,F,158287.77136472362,0.086666429045715,1.4981459509918187,0.05883319970570498
2020-07-28,F,158557.28452439394,0.08547735194254694,1.5363319075571482,0.053971282721245226
2020-07-29,F,158323.83974009362,0.08263569771252506,1.572832998188755,0.04981614267706991
2020-07-30,F,157796.91162002788,0.07898295436928417,1.609098590958154,0.046059866218080774
2020-07-31,F,157463.2958974645,0.07617522316723017,1.6443522181956363,0.042582039720731824
2020-08-03,F,157733.4494968415,0.07539634351630385,1.6800703340667866,0.039080778015977154
2020-08-04,F,158264.23345601562,0.0755855143738835,1.7145404849453523,0.03582763802990827
2020-08-05,F,158556.5221686117,0.07502097601737585,1.7488324856666784,0.0328827501763607
2020-08-06,F,158505.68081282318,0.07332297224246823,1.7844663251022337,0.030148912962108535
2020-08-07,F,158320.34512670845,0.07137652433250342,1.8190242597461779,0.027719404266139034
2020-08-10,F,159004.67978898322,0.07207109240460473,1.8533351493413974,0.025225722779815874
2020-08-11,F,159464.08935479095,0.07207951291929993,1.8864997536296195,0.02304768508307105
2020-08-12,F,159076.2061696567,0.06983262608929962,1.9172276900055725,0.02137718004650368
2020-08-13,F,158859.63078231658,0.06809131907335836,1.947785410414477,0.019785362459190593
2020-08-14,F,158905.85023857045,0.06718750560734423,1.977797642751471,0.01825825119248194
2020-08-17,F,158753.13721296014,0.06578849691615718,2.007287027313504,0.016902232912360596
2020-08-18,F,158494.48580960647,0.06413334125994563,2.0357887281431695,0.01570405623479303
2020-08-19,F,158419.71546798936,0.06306963638649078,2.0636946312823916,0.014564110969000779
2020-08-20,F,158345.17077583258,0.06189789539654818,2.096229459289182,0.013324303290398064
2020-08-21,F,157808.0080622467,0.05950076813660555,2.129639898168506,0.012237714561663338
2020-08-24,F,158803.0306326956,0.06125723554316155,2.157695303754427,0.011128418765870007
2020-08-25,F,158687.5288795303,0.06005922597060213,2.1903089847770394,0.010152881988657875
2020-08-26,F,158308.42141800438,0.0579868409033405,2.2313968880682835,0.009070604784937226
2020-08-27,F,158589.5513967757,0.057615745085482895,2.2725539557528407,0.00799577533238879
2020-08-28,F,158711.5064586046,0.05689130774477511,2.313266887565057,0.007063337681180269
2020-08-31,F,158330.9115866665,0.05499453917411025,2.3536733165808075,0.006295734370853857
2020-09-01,F,158372.7201001923,0.05417619781707392,2.393517824177976,0.005566332675932684
2020-09-02,F,158731.79949485895,0.054089483760732235,2.4337296620408764,0.0048755429087332025
2020-09-03,F,158350.24737785372,0.052344766765118546,2.473363301606503,0.004337977656004807
2020-09-04,F,158629.4638209375,0.05213658981435564,2.5126197657061096,0.0038033669470466133
2020-09-08,F,159001.62869863972,0.05214000503030105,2.5497735234450847,0.0033450145857501796
2020-09-09,F,158843.81374871777,0.05107223162443519,2.5862993926710893,0.0029777119909447773
2020-09-10,F,158646.16401009032,0.04995841074723999,2.6224070953028833,0.0026538087961706937
2020-09-11,F,158938.59366264156,0.04981041841500266,2.66054371301074,0.0023191136118565136
2020-09-14,F,159296.5447602065,0.049821629354285385,2.699041589254007,0.002016009243001968
2020-09-15,F,159058.9163316154,0.04867433740559331,2.7361907181968963,0.001784620052050268
2020-09-16,F,159033.51653902218,0.04790192024822466,2.775666643371073,0.0015569639743675515
2020-09-17,F,159788.1597299372,0.04881048334384267,2.807775424077493,0.0013618234197265463
2020-09-18,F,159669.37342674658,0.04805290034624432,2.838742867815005,0.0012233279189630916
2020-09-21,F,158571.72027172774,0.04568188141996585,2.853566520983506,0.0011972784300106724
2020-09-22,F,158293.99760362823,0.04482755039272354,2.8739898970232445,0.0011216204435722443
2020-09-23,F,157910.95237914872,0.04375288111447151,2.8943851021109994,0.001054373712485958
2020-09-24,F,157950.79777457993,0.043518049429549295,2.91507861169689,0.0009771311828429248
2020-09-25,F,157514.22070750443,0.042432244641923605,2.932738879514818,0.0009284342042102466
2020-09-28,F,158083.87076532826,0.04331404843681193,2.943767846751294,0.000876946751902214
2020-09-29,F,157806.03300504424,0.04265045899797998,2.9536139153714474,0.0008530519124687838
2020-09-30,F,157964.8850076501,0.04280955613950373,2.963147659278805,0.0008196702608240893
2020-10-01,F,158256.61610072182,0.043211021010372254,2.9708054752218986,0.0007900761031634206
2020-10-02,F,158693.33499691644,0.043952486099784895,2.9751862651425047,0.0007669067860684592
2020-10-05,F,159090.36980839353,0.04457174150790431,2.982452730847299,0.0007372949658170545
2020-10-06,F,158985.17565528536,0.044023048949800206,3.0046675470617443,0.0006811442486452799
2020-10-07,F,159739.53031152286,0.045193686663170175,3.017380015656538,0.0006339349868043496
2020-10-08,F,160096.88797949,0.0456298789133817,3.03072823961191,0.0005958017087442191
2020-10-09,F,159793.13426580443,0.044887220479734105,3.042530203476016,0.0005755756389081094
2020-10-12,F,161063.48158054636,0.04729984819961619,3.03106376183127,0.0005770949807031603
2020-10-13,F,161341.34640157525,0.047908794505762596,3.023267413509753,0.0005892556695745657
2020-10-14,F,160759.5840331763,0.04706153914902346,3.010219727733983,0.0006311709873550829
2020-10-15,F,160918.33112882814,0.04751222433757927,2.9994441084838894,0.0006541667970097682
2020-10-16,F,161077.09733570562,0.04789851737144736,2.9928603101210296,0.0006673151128389541
2020-10-19,F,160852.65942329308,0.047583654475579495,2.9857822130933314,0.0006905566697934839
2020-10-20,F,161289.32091730426,0.04847151334408817,2.9789145105527064,0.0006990802857702493
2020-10-21,F,161646.5861770146,0.049205436964169486,2.972834194021595,0.0007074029414517056
2020-10-22,F,162732.19113869255,0.05136173212865762,2.957023516387418,0.0007265675803023323
2020-10-23,F,162573.29766514775,0.051344670060049384,2.9418756661400485,0.0007729334716291289
2020-10-26,F,162176.19430804363,0.05091371513484237,2.926012321713826,0.0008300686252208122
2020-10-27,F,161872.28956642782,0.050603026512855025,2.9107663873211265,0.000886887799731258
2020-10-28,F,161197.24287994343,0.04972323243770068,2.8905714929636233,0.0009746277027523778
2020-10-29,F,161792.61882798476,0.05107125346000102,2.8758303573144426,0.001011123122749939
2020-10-30,F,161329.8821683595,0.0504849406970677,2.8591454605377344,0.0010895435294487246
2020-11-02,F,161250.4975133087,0.05030931095267212,2.8607725314229313,0.0010855741625526876
2020-11-03,F,161780.4095125843,0.05122891212962023,2.8623838256616505,0.0010634662910377745
2020-11-04,F,161065.79807278526,0.04994700809421463,2.8601949510653775,0.0010941222155403808
2020-11-05,F,162097.87809354014,0.052068582226348324,2.8482361580054145,0.0011096806420269447
2020-11-06,F,161516.07510188656,0.051179258097891846,2.83622817485737,0.0011788296687962755
2020-11-09,F,162746.54414851003,0.05385351174111674,2.815111217815626,0.0012294961391259955
2020-11-10,F,163302.1377151462,0.05522957561452245,2.797084847648204,0.001292379596515877
2020-11-11,F,163156.93249641563,0.055281316840288176,2.77933366301953,0.001383669745453866
2020-11-12,F,162799.39556949586,0.05498523265164158,2.760548360251927,0.0014939565535989736
2020-11-13,F,163791.56672260986,0.05730442553101351,2.7382291675425416,0.0015756683140844066
2020-11-16,F,164599.01336766037,0.05926917657977509,2.7156000739208968,0.0016728442330515231
2020-11-17,F,164439.86525169906,0.05942486723432736,2.694822044368235,0.0018075473369231808
2020-11-18,F,164638.08988534208,0.06013309312392516,2.6798248982098634,0.001895862705202957
2020-11-19,F,164651.6375487917,0.060433729509731506,2.6662239008433186,0.0019884147816806945
2020-11-20,F,164413.20467531367,0.0602454858133997,2.654398927299784,0.00208420971793413
2020-11-23,F,164770.54306200767,0.06087792275775707,2.6566671886355047,0.0020497919967402698
2020-11-24,F,166570.4819101699,0.0646334664430286,2.640700375980075,0.002075100319977576
2020-11-25,F,165458.43707614788,0.06301233468608136,2.620428468343168,0.0022869953619660097
2020-11-27,F,165511.48576376503,0.0635367917985899,2.6016497321078664,0.002437787717456687
2020-11-30,F,165471.32350285084,0.06388910862382012,2.584106713408611,0.0025912351791807287
2020-12-01,F,165947.27143313983,0.06520219405387154,2.5686375789419955,0.002701908160712042
2020-12-02,F,165841.56769522,0.06532079020035297,2.5545772543452605,0.0028420731311134396
2020-12-03,F,165880.8629946918,0.06572651759483185,2.5417730297858587,0.002965287390189587
2020-12-04,F,166277.68576099415,0.06663522924550634,2.5368268416284825,0.0029886290387806692
2020-12-07,F,165934.03213514356,0.06606867657191323,2.531356689927516,0.0030687726892542097
2020-12-08,F,166013.3193644853,0.06630972987892947,2.528124427647539,0.003096885440933146
2020-12-09,F,166608.70806628763,0.06754939062575512,2.5256000007609845,0.0030824721231401363
2020-12-10,F,165629.90308638779,0.06570545469477668,2.5208705394074546,0.0032013529678313946
2020-12-11,F,165312.19034300552,0.0651672503520196,2.5171592516037236,0.003264039153720732
2020-12-14,F,165008.3642682918,0.06456890951409675,2.5154299248746175,0.0033060582257598463
2020-12-15,F,165722.8070755866,0.06608531230098445,2.512157587204434,0.0032905099050813866
2020-12-16,F,165405.10724422202,0.06553425734157182,2.508915830820619,0.0033494266501205407
2020-12-17,F,165538.10896195122,0.06570247993197971,2.511413901932456,0.003313221358271782
2020-12-18,F,165141.4107895683,0.06470408235822814,2.5192880819038432,0.0032554621123799714
2020-12-21,F,165102.09075644377,0.06434321843781847,2.5303526769878886,0.0031399561595910914
2020-12-22,F,164679.8596403866,0.06298047692173604,2.54984276178301,0.0029701474670359067
2020-12-23,F,165275.88934535935,0.06369997344334394,2.5684492051905123,0.002751730528244853
2020-12-24,F,164879.3750168983,0.06251102651365056,2.5852597148263228,0.002622733901197358
2020-12-28,F,165012.74881982262,0.0623194363603934,2.6027415088527976,0.002463991094831428
2020-12-29,F,164775.11862607693,0.061309505374481425,2.626013395330803,0.0022874638539974166
2020-12-30,F,164908.6234042478,0.06091700977570575,2.6527278216132046,0.0020794561841442375
